scientific,common,family,habitat,c_fert,c_court,c_system,c_choice,mate_choice_index,note,mating_mode,n_images,_p_fish,_ratio,colorfulness,hue_entropy,saturation,sat_p90,high_chroma_frac,n_color_clusters,contrast,edge_density,aspect_ratio,body_depth,solidity,silhouette_cplx,extent
Sardinella longiceps,Indian oil sardine,Clupeidae,marine,0,0,0,0,0.0,"pelagic mass spawn, silver",Broadcast / group spawn,11,0.4344246983528137,0.9817546942981162,22.575356616596775,2.9747285369919125,0.16202777823689185,0.32941176470588235,0.01134020618556701,5.0,55.87835754557615,0.30279388508170796,4.564670936452918,0.3501144164759725,0.7506286887349243,3.842312216573868,0.5414719626168224
Katsuwonus pelamis,Skipjack tuna,Scombridae,marine,0,0,0,0,0.0,pelagic broadcast,Broadcast / group spawn,25,0.6937624216079712,0.9953233077528032,21.08296701272552,2.829436056455895,0.18931684456169895,0.4,0.012500479312857088,5.0,52.38148243873916,0.21364664005002645,2.5219222793373812,0.5425,0.7595568420001996,3.509255605864082,0.5171643786070356
Lutjanus campechanus,Red snapper,Lutjanidae,marine,0,0,0,0,0.0,aggregation spawn,Broadcast / group spawn,25,0.36653822660446167,0.9609075863389547,42.17139414152085,2.352868477781131,0.26074405565163544,0.49411764705882355,0.02193538897162925,5.0,41.35561539696961,0.22710834017439152,1.9804426755499362,0.6220095693779905,0.7733488620371718,3.1122762699666535,0.5195124090151715
Epinephelus striatus,Nassau grouper,Serranidae,marine,0,1,0,0,0.83,huge spawning aggregations,Broadcast / group spawn,25,0.30662912130355835,0.9304882402093342,35.71386453487334,1.625610191116459,0.4035631111138951,0.5411764705882353,0.05452111955280872,4.0,29.658716245937665,0.08973362930077691,2.109811652920806,0.61003861003861,0.8548272533556741,2.305972661766835,0.5307672165488347
Acanthurus coeruleus,Atlantic blue tang,Acanthuridae,marine,0,0,0,1,0.83,group spawn,Broadcast / group spawn,25,0.46196046471595764,0.947195490526938,67.3067892901247,1.3882622129819748,0.7064855351251913,0.9411764705882353,0.8389864728447406,4.0,20.485400607538455,0.03542402101633692,1.5800542674657607,0.7157534246575342,0.8928691736255163,1.9587760514153227,0.5989599593002417
Paracanthurus hepatus,Blue tang,Acanthuridae,marine,0,1,0,1,1.67,"TRAP: brilliant blue, aggregation spawner",Broadcast / group spawn,25,0.2514648139476776,0.8504342754942823,109.90504452041355,2.0068677894969356,0.7700020935176493,0.984313725490196,0.8762000210992721,4.0,41.145585443643576,0.08369861880737739,2.099769736787886,0.54,0.899071814745706,1.8982896058106131,0.6182879377431907
Zebrasoma flavescens,Yellow tang,Acanthuridae,marine,0,1,0,1,1.67,"TRAP: vivid yellow, aggregation spawner",Broadcast / group spawn,25,0.4590412676334381,0.9695537885904578,86.48833317390793,1.039850915420128,0.891977548805676,0.9921568627450981,0.9873211963589077,4.0,22.940632815105108,0.03640612508455814,1.8194922447500828,0.7175572519083969,0.8813738776893105,1.8987192370208623,0.5536517518939394
Mulloidichthys vanicolensis,Yellowfin goatfish,Mullidae,marine,0,0,0,1,0.83,group spawn,Broadcast / group spawn,25,0.46777865290641785,0.9610100915313046,63.52886981920686,3.3350849261357083,0.3749617093869176,0.6941176470588235,0.2244930801416157,5.0,30.835057608848622,0.11719437739599603,2.9410820390681005,0.5313432835820896,0.6128006564439202,4.162874198712558,0.37806711730892056
Paracheirodon axelrodi,Cardinal tetra,Characidae,freshwater,1,1,0,1,2.5,"TRAP: neon but egg-scatterer, low choice",Pelagic pair spawn,8,0.1523047536611557,0.8608899041039737,91.6051056166273,3.043161374840894,0.5086181415886053,0.8372549019607843,0.41985735108252753,5.5,47.46425197560212,0.21663286834063727,3.831728137773986,0.3250137487370346,0.6994108587643023,4.045794766172533,0.46664378907194526
Paracheirodon innesi,Neon tetra,Characidae,freshwater,1,1,0,1,2.5,TRAP: neon egg-scatterer,Pelagic pair spawn,1,0.019844453781843185,0.8427325742350742,49.652583781090506,3.7800868805092125,0.3282129656727257,0.8352941176470589,0.17136539524599226,5.0,70.16495923064167,0.24930901050304036,7.091275172882296,0.22131147540983606,0.8313133811526094,3.5243250284272083,0.5101700060716454
Danio rerio,Zebrafish,Cyprinidae,freshwater,1,1,0,1,2.5,"scatter spawner, some chasing",Pelagic pair spawn,25,0.1100618988275528,0.9329034560412061,33.88063952795386,2.2802760052979494,0.26640744097973,0.4980392156862745,0.03976475052172263,5.0,40.15001220286913,0.23051602284829123,3.301966349640118,0.46619217081850534,0.7983247556935387,3.4049830664534184,0.45431720498744627
Puntigrus tetrazona,Tiger barb,Cyprinidae,freshwater,1,1,0,1,2.5,egg scatterer,Pelagic pair spawn,25,0.3258754014968872,0.9607829491900851,30.58043575656442,2.354778441007569,0.2943342073134119,0.5411764705882353,0.05700920917994445,6.0,49.63693635929742,0.21439648487981391,1.994310056822932,0.6283185840707964,0.7540061370610297,2.6709291211525175,0.5120793454769991
Trigonostigma heteromorpha,Harlequin rasbora,Cyprinidae,freshwater,1,1,0,1,2.5,plant spawner,Pelagic pair spawn,25,0.16428476572036743,0.9473358231564648,42.442937888656886,2.5771144037083986,0.3320448732852825,0.5607843137254902,0.07873134328358208,5.0,39.46538864035802,0.22949604743083005,3.3288248688080846,0.3412698412698413,0.6602172437202987,4.408007072067467,0.4200201207243461
Zanclus cornutus,Moorish idol,Zanclidae,marine,1,1,1,1,3.33,pelagic pair spawn,Pelagic pair spawn,24,0.23998770117759705,0.8323764066051158,53.52864174888438,2.6881665996616393,0.41267525766331936,0.7078431372549019,0.19031894517715864,5.0,72.56107415412043,0.107078020711629,1.4075457254591095,1.046002725706498,0.6164846132090349,4.041399424709039,0.38572388556970694
Pterois volitans,Red lionfish,Scorpaenidae,marine,1,1,2,1,4.17,"TRAP: striking = aposematic warning, not display",Harem / sex-changer,25,0.4722684323787689,0.9776783976075345,35.2340841281197,2.915706829677242,0.35147514904733757,0.6941176470588235,0.16573626100980027,5.0,48.936361507160136,0.2717950658392614,1.3942416351218916,0.8394495412844036,0.6678203864579274,5.638979475078578,0.4553971636417077
Chaetodon auriga,Threadfin butterflyfish,Chaetodontidae,marine,1,1,1,2,4.17,long-term monogamous pairs,Pelagic pair spawn,25,0.5054473876953125,0.9787405622134682,86.17886155771487,2.676930676179464,0.46557191344012805,0.9450980392156862,0.3514737215909091,5.0,42.224017692663104,0.11084252576149621,1.4491071025536453,0.8051948051948052,0.9024953789279113,1.722927604243448,0.6297862835238
Chaetodon lunula,Raccoon butterflyfish,Chaetodontidae,marine,1,1,1,2,4.17,monogamous pairs,Pelagic pair spawn,25,0.48129647970199585,0.9735102052621282,78.8194423054934,2.7042031651854512,0.6310338611187826,0.9411764705882353,0.5644881757701123,5.0,51.588637542776816,0.10161910725467395,1.4776540419306403,0.756838905775076,0.9469042263525512,1.5873989193500904,0.6834572331880714
Amphiprion ocellaris,Clown anemonefish,Pomacentridae,marine,2,1,1,1,4.17,monogamous; orange partly symbiotic,Nest builder / guarder,25,0.4974565804004669,0.9439170144818874,90.31149492546169,2.0220486171279064,0.6507892565442521,0.9294117647058824,0.6048174219093708,5.0,46.69804020237501,0.07996167735278945,1.5427495024410642,0.8897058823529411,0.8263607792303083,2.4692127307116882,0.5444655081621906
Amphiprion percula,Orange clownfish,Pomacentridae,marine,2,1,1,1,4.17,monogamous pair,Nest builder / guarder,25,0.5006213784217834,0.9429574403579056,117.57117367621308,2.256261856323722,0.7317918925479409,0.9921568627450981,0.7205307262569832,5.0,48.29576498339136,0.08461352851282876,1.5178210160361578,0.8121546961325967,0.8173732643168187,2.2517781907895933,0.5388785385292139
Chromis viridis,Blue-green chromis,Pomacentridae,marine,2,1,0,2,4.17,"male nest, females choose",Nest builder / guarder,25,0.42065054178237915,0.9591901054546911,58.16543904202071,2.9142117641634706,0.45283078585765013,0.7490196078431373,0.2480971128608924,5.0,30.674927273930713,0.07396251673360107,2.248717862856015,0.504950495049505,0.7734919924328851,2.8294932883352972,0.5308490442524221
Dascyllus aruanus,Humbug dascyllus,Pomacentridae,marine,2,1,1,2,5.0,nest-tending damselfish,Nest builder / guarder,25,0.21898700296878815,0.8851036349721603,33.40077558225545,2.102835644607083,0.4585762068912583,0.7568627450980392,0.3216132368148914,4.0,71.45655268966725,0.07434544243480043,1.573914945308211,0.872093023255814,0.8727331606217616,1.838333329935136,0.5952682386453553
Chrysiptera cyanea,Sapphire devil,Pomacentridae,marine,2,1,1,2,5.0,"male nest, female choice",Nest builder / guarder,25,0.3117843270301819,0.930946284711729,102.35803261145662,1.4171062960535832,0.8804275410110654,1.0,0.9154030327214685,5.0,19.609088013645295,0.060159727677402464,2.2305447205591187,0.5227272727272727,0.8612020703496356,2.300138993818351,0.542990342990343
Elacatinus oceanops,Neon goby,Gobiidae,marine,2,1,1,1,4.17,"pair, male tends eggs",Nest builder / guarder,20,0.014822736848145723,0.7136272260985446,66.7152891639495,2.299734721087318,0.5215502051559288,0.807843137254902,0.3729721187326227,5.5,52.482048425848035,0.17880104819451603,5.220454424729317,0.4418145734196342,0.7766934726262678,3.7272706517517022,0.383074735087062
Ecsenius bicolor,Bicolor blenny,Blenniidae,marine,2,1,2,2,5.83,"male nest, female choice",Nest builder / guarder,25,0.29400238394737244,0.911172623693897,47.569261533281555,2.8613277865195483,0.4434672937850843,0.7607843137254902,0.27076265862545545,5.0,37.91248729590452,0.05660797860485848,2.605364751535074,0.6205962059620597,0.8560845245494095,2.667632475089002,0.507190327981675
Pterapogon kauderni,Banggai cardinalfish,Apogonidae,marine,3,1,1,2,5.83,"paternal mouthbrooder, pair",Mouthbrooder,10,0.025881465524435043,0.6011397611218066,52.58232409797315,2.7958728248086193,0.5702226847555312,1.0,0.4839221014492754,5.0,65.01336875318958,0.2360220343795596,1.709558154295868,1.103896103896104,0.7666263536016646,2.9542451699351817,0.4534032632955258
Balistoides conspicillum,Clown triggerfish,Balistidae,marine,2,1,2,1,5.0,"TRAP: bold pattern, haremic nester",Nest builder / guarder,24,0.19612545520067215,0.8105928904720021,43.420880817526516,3.2273836835262903,0.3775682882005357,0.7490196078431373,0.20509289289213348,5.0,63.594590598581846,0.149914562678918,1.926903388391323,0.5697915606230276,0.8637226184105051,2.2976700414269553,0.6463376656892255
Rhinecanthus aculeatus,Picasso triggerfish,Balistidae,marine,2,1,2,1,5.0,"nest, haremic",Nest builder / guarder,25,0.2957097291946411,0.8800795263027795,42.672099675534106,3.0221135852846137,0.23813007732211022,0.5372549019607843,0.04934219913815245,5.0,49.701028637440515,0.09128149889019455,2.0378478896340653,0.5340136054421769,0.8547010636997188,2.4713756956143773,0.5554140543364682
Ostracion cubicus,Yellow boxfish,Ostraciidae,marine,1,2,2,2,5.83,"haremic, male display",Harem / sex-changer,25,0.32097968459129333,0.9526194001722296,83.04115251257588,2.167106594199237,0.6284972467943614,0.9686274509803922,0.6553694843168527,5.0,37.19191874234474,0.11988304093567251,1.958203929741618,0.6506550218340611,0.8143733189887036,2.2100767023801104,0.5932680400765508
Oxycirrhites typus,Longnose hawkfish,Cirrhitidae,marine,1,1,2,1,4.17,haremic,Harem / sex-changer,25,0.08968760073184967,0.7733400494190389,79.47906662844059,2.253974531044902,0.5266166204199433,0.8941176470588236,0.40350703388151377,5.0,38.261605867957726,0.23325685567573473,2.2743216333360308,0.6717325227963525,0.6905597693223845,3.8066278491476138,0.38088172043010754
Pomacanthus imperator,Emperor angelfish,Pomacanthidae,marine,1,2,2,2,5.83,haremic male display at dusk,Harem / sex-changer,25,0.4417778551578522,0.9497886548932932,75.80287928453926,3.3132380207349144,0.5586238395683301,0.9568627450980393,0.4294164828554241,5.0,55.49130660493828,0.19382079142288958,1.5802748648889204,0.6809815950920245,0.9319301308487802,1.7638355251691502,0.6461749583101724
Centropyge bicolor,Bicolor angelfish,Pomacanthidae,marine,1,2,2,2,5.83,"haremic, protogynous",Harem / sex-changer,25,0.5573655962944031,0.9896175773866672,135.97295672695031,2.3752499800049875,0.8749076776797715,1.0,0.9272350927473927,5.0,65.44664343174328,0.05679074027812474,2.0412280744345734,0.6112676056338028,0.9003946465339739,1.978822730813037,0.6170260333863276
Thalassoma bifasciatum,Bluehead wrasse,Labridae,marine,1,2,3,2,6.67,"terminal males defend, females choose",Harem / sex-changer,25,0.18809664249420166,0.9167445905259409,64.20599109557085,3.140858194198314,0.5866730997431117,0.8666666666666667,0.48199348860505886,5.0,40.4293188791468,0.11018217875682927,4.048264151680608,0.4472049689440994,0.814410644954578,3.1168113614033617,0.40519359145527367
Labroides dimidiatus,Cleaner wrasse,Labridae,marine,1,1,2,1,4.17,"haremic, protogynous",Harem / sex-changer,25,0.4267156422138214,0.916930540930492,68.54328340940742,2.5350526837690808,0.4649816012897417,0.7372549019607844,0.27330533193326334,6.0,48.358890040553895,0.1452579278094403,2.325903619146399,0.6521739130434783,0.7745652106035532,3.1638780702438116,0.4109501526616222
Scarus quoyi,Quoy's parrotfish,Scaridae,marine,1,2,2,2,5.83,"harem, terminal-male display",Harem / sex-changer,25,0.30735868215560913,0.9339068070004303,68.21952548568123,3.261326115448389,0.5123443816973304,0.8470588235294118,0.2949418523189015,5.0,20.898626822514366,0.04126870990734141,2.3933704188385065,0.5565217391304348,0.8262982737567937,2.2173998120394893,0.5164567765601025
Pseudanthias squamipinnis,Sea goldie (anthias),Serranidae,marine,1,2,3,2,6.67,"haremic, protogynous, male courts",Harem / sex-changer,25,0.49490588903427124,0.9750156882427091,74.49653529406864,2.45838024281191,0.6263974549972119,0.792156862745098,0.5956164862032832,5.0,27.48078148183787,0.073027356997513,2.1798893894691433,0.6220472440944882,0.7441346271956762,2.951512369251778,0.4252780615140166
Cyphotilapia frontosa,Frontosa cichlid,Cichlidae,freshwater,3,1,2,1,5.83,polygynous mouthbrooder,Mouthbrooder,17,0.2852798402309418,0.9521230864037192,37.8020788632207,1.852282851555788,0.3738865391545077,0.7176470588235294,0.16524778590268693,5.0,36.68601686354578,0.1734654608427939,2.214845194751941,0.6132723112128147,0.7880998804956286,2.4450508048308066,0.49608782825566045
Symphysodon aequifasciatus,Discus,Cichlidae,freshwater,2,2,1,2,5.83,"monogamous biparental, mutual choice",Nest builder / guarder,3,0.07071834057569504,0.7790709754071283,29.830862894889915,2.746149403199152,0.22234413974487158,0.41568627450980394,0.01597167710619483,5.0,41.661432138113476,0.2329412892709898,1.0863262246657834,0.8990228013029316,0.9353716338606448,1.5140911395990415,0.6987519974792374
Pterophyllum scalare,Freshwater angelfish,Cichlidae,freshwater,2,1,1,2,5.0,monogamous pair,Nest builder / guarder,25,0.18281330168247223,0.9138618553592349,25.431538450619033,2.3199862161765945,0.23387170394675932,0.5254901960784314,0.0637583081570997,6.0,53.96428344202714,0.2508994827973915,1.4718518770120612,0.7815533980582524,0.6873606160532184,3.5577567041276272,0.45509120295543753
Apistogramma cacatuoides,Cockatoo dwarf cichlid,Cichlidae,freshwater,2,2,2,2,6.67,"harem, male display",Nest builder / guarder,2,0.04668048210442066,0.615733523205195,42.54415017972123,1.4106248253195046,0.6034201693119322,0.7470588235294118,0.48832852699259094,5.0,36.66773851346765,0.1860499738522972,1.9660375999114676,0.6524899732620321,0.9064224991390964,2.2661418285917296,0.5908820765148164
Neolamprologus brichardi,Fairy cichlid,Cichlidae,freshwater,2,1,1,1,4.17,monogamous cooperative,Nest builder / guarder,1,0.40189996361732483,0.9370208212024086,29.650301794103243,2.6838610627979835,0.2980202709102965,0.42745098039215684,0.017512077294685992,5.0,31.072405464355494,0.10431763285024155,2.53763338624042,0.5906040268456376,0.7836799414527048,2.552756421443157,0.4900091519219036
Tropheus moorii,Blunthead cichlid,Cichlidae,freshwater,3,2,2,2,7.5,"mouthbrooder, male display",Mouthbrooder,20,0.10128872841596603,0.8875779767863721,28.27689809662838,2.883027718918532,0.2801501300916469,0.45686274509803926,0.029683288229430872,4.0,26.12704484599677,0.07032230901751119,2.7178504367801475,0.6253140542480644,0.8331716162955922,2.48057351094009,0.48246719576799385
Maylandia zebra,Zebra mbuna,Cichlidae,freshwater,3,2,3,2,8.33,"male territory display, mouthbrooder",Mouthbrooder,15,0.331828773021698,0.9029420434851211,46.410853830329756,2.9183409026855327,0.3623454631431933,0.592156862745098,0.08789456010745467,6.0,45.51687085143635,0.18613920396342032,2.7342357332353364,0.5088495575221239,0.8415716982451233,2.6070344803014547,0.5354866828087167
Aulonocara stuartgranti,Peacock cichlid,Cichlidae,freshwater,3,3,3,3,10.0,"lek-like male display, female choice",Mouthbrooder,16,0.48046641051769257,0.9788898217573451,34.423828004660066,3.1584717199461485,0.24823903869314828,0.3686274509803922,0.0028437679639978677,5.0,29.355243831876983,0.20366435895663537,2.501472934729362,0.5036933093848226,0.8212742269610573,2.9578778451653234,0.5282613089044218
Trichogaster lalius,Dwarf gourami,Osphronemidae,freshwater,2,2,2,2,6.67,"bubble nest, courts",Nest builder / guarder,25,0.2553367614746094,0.9258698140215221,39.25003462111238,2.9281771228418467,0.351771259659941,0.5490196078431373,0.060110896412669076,5.0,39.3831640948972,0.2666278910633639,2.2491078669725715,0.5146443514644351,0.9328275214393397,2.005789724375212,0.6276401381304209
Trichopodus trichopterus,Three-spot gourami,Osphronemidae,freshwater,2,1,2,1,5.0,bubble nest,Nest builder / guarder,25,0.2686144709587097,0.9408975046033438,29.175681240056747,2.923363608368112,0.2594180073679962,0.47843137254901963,0.050647225115310224,6.0,51.89669913526673,0.2617871576111361,2.481526263401647,0.4416475972540046,0.8945071482317531,2.2136304162097358,0.6170901459551108
Macropodus opercularis,Paradise fish,Osphronemidae,freshwater,2,2,2,2,6.67,"bubble nest, display",Nest builder / guarder,25,0.24656018614768982,0.9467702807625062,35.340813495402706,2.7149060561126745,0.2923199676140853,0.5294117647058824,0.0386946386946387,5.0,27.7352087002027,0.13370195445993166,2.727973323075896,0.5358851674641149,0.8056176047771757,3.0007128040947766,0.5046803763701619
Betta splendens,Siamese fighting fish,Osphronemidae,freshwater,2,3,3,2,8.33,bubble nest + flaring display,Nest builder / guarder,25,0.2872157692909241,0.9286046551104089,37.19555795076358,3.2260666996143708,0.6187777742346677,0.9372549019607843,0.550936157791585,3.0,34.92375486215343,0.19144986205296136,2.028002117195105,0.5497737556561086,0.7539445390823536,3.4396507799482396,0.5113257575757576
Gasterosteus aculeatus,Three-spined stickleback,Gasterosteidae,temperate-fw,2,3,2,3,8.33,"essay ex; red belly, nest, dance",Nest builder / guarder,25,0.3094981014728546,0.9508281286365181,32.94262513210252,1.9893179258377063,0.4775349494264564,0.7019607843137254,0.28893788541702553,5.0,45.167124236796276,0.1728240450845335,3.41745374469644,0.4482758620689655,0.8342273345123431,2.788448187136575,0.4956421959206828
Poecilia latipinna,Sailfin molly,Poeciliidae,freshwater,3,2,3,2,8.33,"livebearer, male sail display",Livebearer (internal),25,0.1826229989528656,0.9156367537592072,32.38151040114124,1.9790923646304726,0.336790520258975,0.592156862745098,0.09012276785714286,5.0,38.99799512808903,0.29052170450019915,2.2115646128772464,0.514018691588785,0.8169527234133553,2.6534974801605693,0.49942857142857144
Xiphophorus maculatus,Southern platyfish,Poeciliidae,freshwater,3,1,2,2,6.67,"livebearer, female choice",Livebearer (internal),25,0.3351357579231262,0.9741302916753996,36.128348397459774,1.7522892323293096,0.37069860453934494,0.6705882352941176,0.1987208407420185,5.0,37.085873195204684,0.16937131866810914,2.844305409004287,0.4448051948051948,0.8148120272457006,2.5663672605864094,0.5378428068025126
Xiphophorus hellerii,Green swordtail,Poeciliidae,freshwater,3,2,3,3,9.17,female choice on sword length,Livebearer (internal),25,0.42708680033683777,0.9699605027874465,43.88846974608494,3.089114687336513,0.2978848616151859,0.592156862745098,0.09756485755212478,6.0,50.296974276819626,0.2265798831333569,3.4032209147577204,0.41927710843373495,0.8299982451870008,3.017904465771506,0.4742582197273456
Poecilia reticulata,Guppy,Poeciliidae,freshwater,3,3,3,3,10.0,THE model of female mate choice,Livebearer (internal),25,0.14639781415462494,0.9351976179860202,39.04496800102656,2.695142361241475,0.3803181295915154,0.6549019607843137,0.14369936632710356,5.0,41.72353446634264,0.23319787433572992,4.673626654123075,0.43478260869565216,0.801839054416374,3.251793112771566,0.4234361121685065
Cirrhilabrus solorensis,Solor fairy wrasse,Labridae,marine,1,3,3,2,7.5,male nuptial flashing,Harem / sex-changer,25,0.4474109709262848,0.9682119273594103,75.59041811803228,3.8245998051390613,0.4781863338412102,0.7686274509803922,0.3028782006480717,6.0,27.588407874495985,0.12114431836343295,3.0462411415336303,0.47959183673469385,0.8676275679257787,2.2820358213589715,0.5088360985419809
Paracheilinus carpenteri,Carpenter's flasher wrasse,Labridae,marine,1,3,3,3,8.33,males flash intensified nuptial colours,Harem / sex-changer,25,0.29686087369918823,0.8444598494963715,97.41110127209501,3.178614882335144,0.5891483806094812,0.8509803921568627,0.5067008603573793,6.0,37.42241426317972,0.19568083369954173,2.323778657515243,0.562111801242236,0.8553964120370371,2.4716133596866356,0.5081716637272193
Synchiropus splendidus,Mandarinfish,Callionymidae,marine,1,3,3,3,8.33,"spectacular dusk courtship, female picks",Harem / sex-changer,25,0.09933491051197052,0.6695984192362551,75.94414939482651,3.8634920469485046,0.6505146168337795,0.9686274509803922,0.5744844963233403,5.0,35.08217527118241,0.1910526957794584,1.7760200052193966,0.7666666666666667,0.754497897721717,3.0414904962581066,0.49422556008644547
Synchiropus picturatus,Psychedelic mandarin,Callionymidae,marine,1,3,3,3,8.33,elaborate courtship rise,Harem / sex-changer,19,0.05866224318742752,0.7047616457683644,58.652589996204,3.602594777696102,0.5370631080715115,0.8470588235294118,0.31389873294820136,5.0,33.435950935576976,0.20129464725791082,2.1452947006928182,0.6751054852320675,0.7983256206916416,2.473772137117136,0.49401088266442683
Hippocampus kuda,Common seahorse,Syngnathidae,marine,3,3,1,2,7.5,"SEX-ROLE REVERSED: male brood, courtship dance",Male brooder,4,0.014551198109984398,0.5437065378916817,24.036527000682817,1.9476094593390116,0.2990561624025097,0.592156862745098,0.08989108458981454,4.5,37.37844495434687,0.24270360093037038,1.9202173106502443,1.1215092097445039,0.6167864315742075,4.726594206453723,0.363863714856615
Rastrelliger kanagurta,Indian mackerel,Scombridae,marine,0,0,0,0,0.0,pelagic broadcast,Broadcast / group spawn,25,0.38497355580329895,0.9688480277783702,25.73364888201007,2.5489435200901758,0.2147177497176881,0.3764705882352941,0.005670067794288845,4.0,29.502520654856404,0.14564328405158855,2.6729036639970105,0.5151515151515151,0.7918484357472267,3.355337859095374,0.48209404045926735
Selar crumenophthalmus,Bigeye scad,Carangidae,marine,0,0,0,0,0.0,pelagic broadcast,Broadcast / group spawn,25,0.5504081845283508,0.9890383397673528,27.18012941721947,2.1744888860825107,0.1935430375006687,0.3568627450980392,0.007149046793760832,5.0,46.27671180635179,0.17566790256072629,2.6899949083735772,0.5868421052631579,0.7873488576289169,3.1940634403588417,0.48633224879720327
Caranx ignobilis,Giant trevally,Carangidae,marine,0,0,0,0,0.0,pelagic broadcast,Broadcast / group spawn,25,0.5179053544998169,0.9822013837106571,30.479697453464468,1.829532351615418,0.30135102863102975,0.5764705882352941,0.053963233840679976,4.0,36.86344480562993,0.12255109231853419,2.334397843259226,0.5267175572519084,0.6777313120752745,3.4258868411347954,0.4916810717372515
Mugil cephalus,Flathead mullet,Mugilidae,marine,0,0,0,0,0.0,broadcast spawn,Broadcast / group spawn,25,0.5540611743927002,0.9702570785147407,38.309688350669084,2.011879331428238,0.31088935020122943,0.44313725490196076,0.011732319591007406,4.0,30.007536075633922,0.14661600839263944,2.868364372743226,0.48854961832061067,0.725691920603858,3.752343590764908,0.4423653715064758
Chanos chanos,Milkfish,Chanidae,marine,0,0,0,0,0.0,broadcast spawn,Broadcast / group spawn,25,0.36525410413742065,0.9692871584263251,22.752895651740268,2.0443746288944755,0.15377040095874908,0.3137254901960784,0.0008865248226950354,5.0,45.550843747814916,0.19912711402073105,3.5373588113587413,0.34782608695652173,0.7127102708746252,3.8469661015909864,0.4779617921935129
Sphyraena barracuda,Great barracuda,Sphyraenidae,marine,0,0,0,0,0.0,pelagic,Broadcast / group spawn,25,0.31974703073501587,0.979159190023274,24.800753503758635,2.046473971418928,0.23408965185160302,0.4470588235294118,0.016489492334140265,5.0,36.88053992378034,0.1998019468206144,4.2371423427402855,0.3875598086124402,0.7351131257494499,4.325514332328199,0.3763106159895151
Sardinops sagax,Pacific sardine,Clupeidae,marine,0,0,0,0,0.0,broadcast,Broadcast / group spawn,25,0.19949275255203247,0.9541949107704026,27.065023252878095,2.5926726670635536,0.21045259499413305,0.39215686274509803,0.021538326839732086,5.0,48.617944970121876,0.2405363077275679,4.165061116594753,0.43360433604336046,0.81855249745158,3.131486716636992,0.5495460348985671
Lutjanus kasmira,Bluestripe snapper,Lutjanidae,marine,0,0,0,1,0.83,"TRAP: yellow, aggregation spawn",Broadcast / group spawn,25,0.5511932373046875,0.9760789490158468,83.80678221580933,2.660831610925344,0.5610385695805616,0.9098039215686274,0.49386757763385764,5.0,30.645098918797334,0.13886868686868686,2.9895227217478477,0.42857142857142855,0.7749988506275574,2.7683641166285082,0.5028733642595029
Haemulon sciurus,Bluestriped grunt,Haemulidae,marine,0,0,0,1,0.83,aggregation,Broadcast / group spawn,25,0.35808271169662476,0.9538980044302416,55.81581694681289,2.626244320842086,0.4883029455604318,0.7215686274509804,0.32929762451693106,6.0,34.48593140749924,0.25384705744155994,2.5252195347828406,0.4745308310991957,0.7889421051464556,2.847958695725364,0.5125338907317368
Acanthurus leucosternon,Powder blue tang,Acanthuridae,marine,0,1,0,1,1.67,"TRAP: gorgeous, aggregation spawner",Broadcast / group spawn,25,0.46380528807640076,0.9491103472722319,100.3981368056247,2.075361207515898,0.66297142742284,0.8980392156862745,0.7099895579533588,5.0,45.73523077396505,0.059340155796548034,1.9789031444176937,0.6009615384615384,0.8532778173065942,2.012464952056052,0.5985082560882421
Zebrasoma xanthurum,Purple tang,Acanthuridae,marine,0,1,0,1,1.67,"TRAP: vivid, aggregation spawner",Broadcast / group spawn,25,0.3375163972377777,0.9487013923911346,67.66226743921311,1.7964527038501972,0.6782311754588481,0.8941176470588236,0.686919289231428,2.0,27.772591434762628,0.017651465493023693,1.782767147404139,0.7824675324675324,0.8861587103321753,1.8902416364814603,0.5778518518518518
Zebrasoma veliferum,Sailfin tang,Acanthuridae,marine,0,1,0,1,1.67,aggregation spawner,Broadcast / group spawn,25,0.30764636397361755,0.9312330531583594,37.165458962426484,2.5824317457626993,0.46678816798944295,0.7607843137254902,0.2924533128677411,4.0,43.87397226641714,0.12385423653029287,1.4862440705036546,0.96,0.9097893797329751,1.658203066083256,0.6523865816885965
Naso lituratus,Orangespine unicornfish,Acanthuridae,marine,0,1,0,1,1.67,group spawn,Broadcast / group spawn,25,0.20673194527626038,0.8755147533448521,37.998958665561226,2.4950293663389935,0.37681294342880733,0.5254901960784314,0.08169871948587598,3.0,33.98327194308008,0.05624903085749729,1.870867331373082,0.6070038910505836,0.9006201073888598,1.870311727569763,0.573356991267439
Siganus vulpinus,Foxface rabbitfish,Siganidae,marine,1,1,1,1,3.33,monogamous pairs,Pelagic pair spawn,25,0.4278663694858551,0.9683049695439988,95.74515481698246,1.7203454786587742,0.7302716154577023,0.9725490196078431,0.7871150665511538,4.0,32.873093278550314,0.03415175035640741,2.2797252995658015,0.558641975308642,0.8612496377971969,2.2162428423811744,0.5717304886026267
Chaetodon semilarvatus,Masked butterflyfish,Chaetodontidae,marine,1,1,1,2,4.17,monogamous pairs,Pelagic pair spawn,25,0.4863695204257965,0.9862049595095653,100.38359345397035,1.4087718407636942,0.8774513150540981,0.996078431372549,0.9429842066252352,4.0,30.412626100192103,0.1002605915697284,1.4122929036041267,0.7830188679245284,0.9551652789549783,1.4550724712516419,0.6994834684650552
Heniochus acuminatus,Pennant bannerfish,Chaetodontidae,marine,1,1,1,2,4.17,pairs,Pelagic pair spawn,25,0.4667131006717682,0.9376610003575803,51.49598721469509,2.706768837552279,0.37181761736360447,0.6588235294117647,0.14895748544236428,5.0,62.87397620458595,0.09963636363636363,1.4566331117241806,0.9852941176470589,0.7211664961262974,2.737287158589039,0.49388781887504424
Forcipiger flavissimus,Longnose butterflyfish,Chaetodontidae,marine,1,1,1,2,4.17,pairs,Pelagic pair spawn,25,0.550571084022522,0.9836077155812478,110.22025374860937,1.2014456065277073,0.9254256860024794,1.0,0.9573625129704745,3.0,30.769086163677386,0.0374370669994406,1.3703997173524929,0.7704280155642024,0.912579233323272,1.8229841328091057,0.6076345431789737
Centropyge loricula,Flame angelfish,Pomacanthidae,marine,1,2,2,2,5.83,"haremic, protogynous",Harem / sex-changer,25,0.5377189517021179,0.975290389574982,109.59720714493082,2.094387143972066,0.7975838058883042,0.9764705882352941,0.8964470155373806,5.0,31.318359087508146,0.08787604614340647,1.673622030023548,0.7474048442906575,0.8906521002372361,1.9454389712298175,0.6110006382874258
Genicanthus melanospilos,Swallowtail angelfish,Pomacanthidae,marine,1,2,2,2,5.83,"haremic, sexually dichromatic",Harem / sex-changer,25,0.5281577706336975,0.9818745271067139,59.63073580140946,2.9790602466724625,0.33713181007119974,0.615686274509804,0.11977212727525358,5.0,40.63867039468336,0.1362405040928096,2.144344789366423,0.5670103092783505,0.8399733979144969,2.594836155723632,0.5281845448129852
Holacanthus ciliaris,Queen angelfish,Pomacanthidae,marine,1,2,2,2,5.83,haremic display,Harem / sex-changer,25,0.5599368214607239,0.9855682938449215,95.77661877543878,3.460128404028101,0.5584323382510481,0.9607843137254902,0.4320477964622562,5.0,37.836990635604316,0.10515873015873016,1.6118251529188905,0.7152466367713004,0.8516448467543514,2.5992561866866852,0.5835880836779955
Pygoplites diacanthus,Regal angelfish,Pomacanthidae,marine,1,2,2,2,5.83,haremic,Harem / sex-changer,25,0.48327669501304626,0.9810700512506924,107.09978033660549,3.6187488163675603,0.6054620428581086,0.9764705882352941,0.5359207057392009,6.0,52.3501350356881,0.1902613726367988,1.8317714073693758,0.6927710843373494,0.9243562491777854,1.9478058715164597,0.6003911570565431
Pomacanthus paru,French angelfish,Pomacanthidae,marine,1,2,1,2,5.0,monogamous pairs,Pelagic pair spawn,25,0.4526054561138153,0.9679080589189533,40.34414835275414,2.761554740193193,0.43724120697695096,0.6941176470588235,0.1792461296836437,3.0,48.34582943458141,0.14359254163305973,1.2311006816211427,0.8650519031141869,0.8698422901727826,2.096861099749661,0.6230528322440088
Holacanthus tricolor,Rock beauty,Pomacanthidae,marine,1,2,2,2,5.83,haremic,Harem / sex-changer,25,0.5202181935310364,0.9843037685829295,95.60268307923467,2.6638200166142685,0.7095576094777297,0.996078431372549,0.7205742922931058,4.0,53.06107925221745,0.041292341242562876,1.66423575052684,0.695364238410596,0.913447782546495,1.7589974772322539,0.6556977911646586
Coris gaimard,Yellowtail coris,Labridae,marine,1,2,2,2,5.83,"haremic, terminal-male display",Harem / sex-changer,25,0.260555624961853,0.9137575673438295,80.99468561775282,3.6848981767471884,0.6480557675542938,0.9725490196078431,0.5537234042553192,4.0,31.48149869873017,0.1210978736238878,2.6283279344194646,0.5180412371134021,0.8985963419821352,2.0892381652236867,0.5570458208611558
Gomphosus varius,Bird wrasse,Labridae,marine,1,2,2,2,5.83,haremic display,Harem / sex-changer,25,0.2975650131702423,0.9575473993975807,34.871930625671574,3.0098017178901735,0.33206413264078305,0.592156862745098,0.09443535188216039,5.0,49.081612526936055,0.11809551915793616,3.4339297563792193,0.42492917847025496,0.8092226022422649,2.925498513106326,0.494496626964914
Macropharyngodon meleagris,Leopard wrasse,Labridae,marine,1,2,2,2,5.83,haremic display,Harem / sex-changer,25,0.1471264362335205,0.851850145660303,55.54481633419862,3.7177631452486257,0.4385475417988987,0.8745098039215686,0.2695708233560508,5.0,42.828406230398976,0.2845934643425484,2.439665254164308,0.5444444444444444,0.8744817085604752,2.1531318180028514,0.5634914077990747
Bodianus rufus,Spanish hogfish,Labridae,marine,1,2,2,2,5.83,haremic,Harem / sex-changer,25,0.4986332356929779,0.9839938400883032,104.05867161136389,2.9386684382091324,0.6726540711470881,0.9607843137254902,0.6362087568856835,5.0,29.014648557510352,0.12023769386378962,3.0815724594591924,0.43448275862068964,0.8626832079925344,2.702038704938311,0.5217789598108747
Pseudocheilinus hexataenia,Sixline wrasse,Labridae,marine,1,1,2,1,4.17,haremic,Harem / sex-changer,25,0.4034256339073181,0.9672561734500607,57.085951796863974,3.9741474909261174,0.4959893573948753,0.796078431372549,0.28559892328398384,5.0,22.026939763578532,0.14823107926556203,2.3906221739134197,0.4651898734177215,0.8794832568417474,2.145715570428178,0.554991418764302
Paracheilinus filamentosus,Filamented flasher wrasse,Labridae,marine,1,3,3,3,8.33,male nuptial flashing,Harem / sex-changer,25,0.2147660255432129,0.9015766610173828,78.55760902370318,3.3328917745276754,0.3978903375047763,0.6705882352941176,0.21666752299234446,5.0,24.284266641027774,0.13433186214668044,3.3317086811840504,0.47988505747126436,0.818112450366686,2.8278157102934918,0.48188717429800154
Cirrhilabrus rubriventralis,Longfin fairy wrasse,Labridae,marine,1,3,3,2,7.5,male nuptial display,Harem / sex-changer,16,0.05009382963180542,0.8325090011323965,65.42847001113287,2.6754947882390017,0.6106174167176414,0.9117647058823529,0.578886062444516,5.0,25.0595843518756,0.13451383843438258,3.424832868505452,0.5347366307476072,0.845630072276438,2.689754827723548,0.37982562553640986
Sparisoma viride,Stoplight parrotfish,Scaridae,marine,1,2,2,2,5.83,"haremic, terminal-male display",Harem / sex-changer,25,0.2913950979709625,0.9372953755871893,51.214014363934496,2.9456879023385305,0.4230256011337472,0.6705882352941176,0.25608404809783725,4.0,26.03762136597061,0.08452454940957116,2.885224860656708,0.4301369863013699,0.8160410445517766,2.5910691033670408,0.529543669836838
Chlorurus sordidus,Bullethead parrotfish,Scaridae,marine,1,2,2,2,5.83,haremic,Harem / sex-changer,25,0.2491348832845688,0.9169244294813926,51.740036001356984,3.2462268927148954,0.3681717022796789,0.6666666666666666,0.1362198679563949,5.0,23.486475771452678,0.03828562997934494,2.7918657705297387,0.5031847133757962,0.8841218609777218,2.2538548352843777,0.5333689839572192
Premnas biaculeatus,Maroon clownfish,Pomacentridae,marine,2,1,1,1,4.17,monogamous,Nest builder / guarder,25,0.4748963415622711,0.9439261835597574,92.35798735128333,1.7715070599610256,0.7519932420470123,0.9607843137254902,0.8477101890791086,4.0,32.854405312703996,0.042894261681419826,1.493704888120288,0.8060344827586207,0.8594086878269184,2.2058687878561662,0.6231574449903867
Amphiprion frenatus,Tomato clownfish,Pomacentridae,marine,2,1,1,1,4.17,monogamous,Nest builder / guarder,25,0.43205511569976807,0.9334292801936275,105.0182494949257,3.08395943072511,0.6551515957752563,0.9254901960784314,0.6512078998412978,4.0,43.75249766869899,0.06864623243933589,1.4649539063377512,0.8584905660377359,0.8595447122392836,1.9563520188659431,0.5655162183544303
Chromis cyanea,Blue chromis,Pomacentridae,marine,2,1,0,2,4.17,"male nest, female choice",Nest builder / guarder,25,0.35359418392181396,0.957634262714469,90.18105136474784,2.0419441773777414,0.732787372601372,0.8980392156862745,0.7769156678082192,5.0,34.991908499262735,0.1464485235434956,3.1777232262486517,0.5364806866952789,0.723763247503539,3.802733424946924,0.40288518738845924
Stegastes partitus,Bicolor damselfish,Pomacentridae,marine,2,2,1,2,5.83,male courtship sound + display,Nest builder / guarder,25,0.5107150077819824,0.9698205570053557,37.0104410451625,3.324113136908152,0.41393719066181944,0.6588235294117647,0.17170513775130306,5.0,46.369595340199226,0.07571838075928126,2.006566733570125,0.5684647302904564,0.8378862026148565,2.549347906786436,0.5619718309859155
Gramma loreto,Royal gramma,Grammatidae,marine,2,2,2,2,6.67,"male nest, haremic",Nest builder / guarder,25,0.4679968059062958,0.9610506398270855,154.21851773216562,2.9928313913031817,0.8344756524365329,0.996078431372549,0.8866689898168584,5.0,37.23831915506576,0.09191712868398015,2.055997153124309,0.6189024390243902,0.7889678703440433,2.866399379940443,0.5105524432858173
Pseudochromis fridmani,Orchid dottyback,Pseudochromidae,marine,2,2,2,2,6.67,"male nest, courts",Nest builder / guarder,14,0.03241535183042288,0.675764610333415,89.47683234478917,1.358740859546144,0.9007635524518581,0.9823529411764707,0.9682956834536425,1.5,13.739378431526465,0.04391283025883123,3.7628399350083086,0.3937872023809524,0.7476168135343733,3.0509562055479376,0.4050869883013475
Pictichromis paccagnellae,Royal dottyback,Pseudochromidae,marine,2,2,2,2,6.67,male nest,Nest builder / guarder,25,0.23692020773887634,0.9209614234029438,158.77140803709983,2.5484033806380118,0.870635527730889,0.9921568627450981,0.9461455899993686,4.0,36.81345057256599,0.03951486697965571,2.7964748809916466,0.49888641425389757,0.8317964981478027,2.6345516740141,0.46109932838458817
Pseudanthias tuka,Purple anthias,Serranidae,marine,1,2,3,2,6.67,"haremic, male display",Harem / sex-changer,25,0.42514491081237793,0.9458349205278679,67.7863541153354,2.658434296521685,0.5504559663127437,0.6941176470588235,0.2949668189261398,4.0,22.643957350780518,0.0534239227605936,2.8381776793938474,0.5323529411764706,0.7504214636676705,3.2799574106271883,0.43232510288065845
Pseudanthias dispar,Peach anthias,Serranidae,marine,1,2,3,2,6.67,"haremic, male display",Harem / sex-changer,25,0.303775817155838,0.9284484015282961,88.8173145293502,3.3283588404136193,0.5813445106050191,0.8823529411764706,0.44605715319225897,5.0,33.04567893727896,0.043645502102779773,2.711179038559266,0.578125,0.7038194761339783,3.240924980188086,0.4668109668109668
Hypoplectrus puella,Barred hamlet,Serranidae,marine,1,2,1,2,5.0,"egg-trading hermaphrodite, colour morphs",Pelagic pair spawn,25,0.4915585517883301,0.954623364921023,53.93277261590741,3.383337265005612,0.3832325782439391,0.6862745098039216,0.18565930888716078,5.0,38.75053296643959,0.11451156918178575,1.8655503951251544,0.6221198156682027,0.826371511068335,2.2087828095316384,0.5235967184801382
Serranus tigrinus,Harlequin bass,Serranidae,marine,1,2,1,2,5.0,egg trader,Pelagic pair spawn,25,0.1342868059873581,0.9385631571068488,31.905991920655378,3.128736070496757,0.3657212732720428,0.5882352941176471,0.08757176356432442,5.0,55.408942523548546,0.24288672789483162,2.8293466717006117,0.46621621621621623,0.8205629397967162,2.656586071524226,0.5127446338383839
Nemateleotris magnifica,Fire goby,Microdesmidae,marine,2,2,1,2,5.83,"pairs, fin display",Nest builder / guarder,25,0.2171086072921753,0.8715573683286383,74.32217240451453,3.289608855669145,0.47559396586438674,0.8901960784313725,0.4345588235294118,6.0,54.72089376607582,0.05810793322117251,2.075908036204685,0.84,0.6077734027689572,3.704875289043386,0.3133561643835616
Nemateleotris decora,Elegant firefish,Microdesmidae,marine,2,2,1,2,5.83,"pairs, display",Nest builder / guarder,25,0.11028872430324554,0.720658869120163,64.81185979984353,3.753525819453048,0.43105197014575564,0.8862745098039215,0.3189835740271194,5.0,56.4950351650151,0.06168268943691407,3.3217597674460357,0.6303191489361702,0.7619367673943435,3.3222215465424623,0.3823583857830433
Cryptocentrus cinctus,Yellow watchman goby,Gobiidae,marine,2,1,1,1,4.17,"pair, male tends",Nest builder / guarder,25,0.11048915982246399,0.8364880309211653,46.26827788145005,1.3946242907008624,0.7307980966852714,0.8431372549019608,0.8507578100835138,3.0,19.158649070889343,0.056218057921635436,1.8673227120095743,0.8767123287671232,0.7773066370377089,2.2921536730960335,0.49220500373412995
Opistognathus aurifrons,Yellowhead jawfish,Opistognathidae,marine,3,1,1,2,5.83,paternal mouthbrooder,Mouthbrooder,25,0.26365023851394653,0.9257257240469208,51.94477189292268,3.0190061087060944,0.2983201361526734,0.4745098039215686,0.04242946370880896,4.0,37.18122426791247,0.08990760483297797,2.347950347317679,1.1688311688311688,0.8475738558089698,2.1756722760008302,0.4628067273228564
Synchiropus ocellatus,Scooter dragonet,Callionymidae,marine,1,2,3,2,6.67,male courtship rise,Harem / sex-changer,12,0.08788957074284554,0.7188102115318654,28.450236922474183,3.5476397708066254,0.2829632768399374,0.46862745098039216,0.04079214432098738,6.0,56.683625667737054,0.26527538714743254,1.8455251464782099,0.7558978358354456,0.7531879266645916,3.3313103148669807,0.415537101086063
Ostracion meleagris,Spotted boxfish,Ostraciidae,marine,1,2,2,2,5.83,"haremic, sexually dichromatic",Harem / sex-changer,25,0.3997098207473755,0.9687720954369602,61.68326343117444,3.5888479486660376,0.5324297965048904,0.9411764705882353,0.3869700325034825,4.0,47.34106648289272,0.24845565909328865,2.3314315205035707,0.5075528700906344,0.7842471413760461,2.5696440987732267,0.5232933346778259
Odonus niger,Redtooth triggerfish,Balistidae,marine,2,1,2,1,5.0,"nest, haremic",Nest builder / guarder,25,0.4176956117153168,0.9430967785619957,64.23786752039558,1.4031599400112085,0.7929319031398039,0.9882352941176471,0.7923272859593492,4.0,21.80698476284532,0.033284841431480944,1.9522058868122258,0.6611295681063123,0.7157060325137713,3.037446025091128,0.48434656549767124
Balistapus undulatus,Orange-lined triggerfish,Balistidae,marine,2,1,2,1,5.0,"nest, haremic",Nest builder / guarder,25,0.21119901537895203,0.9168476800510078,58.80320135020865,3.5040255996850873,0.41775576263348896,0.7450980392156863,0.22339899738755914,5.0,35.30485478781701,0.1920244546338752,2.239965745474128,0.5211267605633803,0.8626826235623252,2.2296473381213184,0.553266616984279
Canthigaster valentini,Valentini puffer,Tetraodontidae,marine,2,2,2,2,6.67,"haremic, male courts",Nest builder / guarder,25,0.32008734345436096,0.9505515119414486,48.34742429331192,3.2923096414860535,0.2973120314302191,0.6392156862745098,0.11778492647058823,6.0,59.584930705827084,0.19359309205266242,2.4165777376076196,0.43962848297213625,0.8630738626088305,2.1733253541691466,0.5315189719966057
Hippocampus erectus,Lined seahorse,Syngnathidae,marine,3,3,1,2,7.5,"male brood, courtship dance",Male brooder,11,0.011202802881598473,0.6260723871722138,26.254927700760025,1.7077033688112955,0.42580154150580485,0.611764705882353,0.122202486678508,4.0,34.627694851673404,0.11902817476521028,1.4966327411624436,0.7925531914893617,0.5327161135961719,4.295268459313237,0.4012034824172072
Hippocampus reidi,Longsnout seahorse,Syngnathidae,marine,3,3,1,2,7.5,"male brood, courtship",Male brooder,10,0.02036431711167097,0.6285866626046892,69.06715960142108,1.6258748590089238,0.6683394837173542,0.9,0.635122047333601,5.0,34.124258180127896,0.147123260842565,2.1425403776793646,1.0399722607489599,0.6327503375665611,3.4393208846946797,0.34279754647970817
Doryrhamphus dactyliophorus,Banded pipefish,Syngnathidae,marine,3,2,1,2,6.67,male brood,Male brooder,20,0.01260020025074482,0.667024022873792,45.132586412242006,3.17911253139764,0.4489194280359273,0.7450980392156863,0.2597173287135356,6.0,54.15459947895666,0.19140179902643245,5.6559257638140386,0.4767652128846176,0.5863196855176898,6.1184918811196365,0.1986459609668936
Astatotilapia burtoni,Burton's mouthbrooder,Cichlidae,freshwater,3,3,3,3,10.0,classic sexual-selection model,Mouthbrooder,16,0.42155103385448456,0.979905404907568,27.8538184491452,2.1776802376935738,0.25476072315715437,0.4607843137254902,0.015516577644271074,6.0,41.062141476097985,0.2062929947291157,3.2322962405729845,0.3708084644601194,0.8852719734732395,2.433265487109303,0.62568464884014
Sciaenochromis fryeri,Electric blue ahli,Cichlidae,freshwater,3,3,3,3,10.0,male display,Mouthbrooder,1,0.31488147377967834,0.9680246810562237,71.06588346095452,2.214210355228049,0.6279483005407742,0.8313725490196079,0.6221949997215881,5.0,38.1881765113901,0.2555543181691631,4.007495254198536,0.34823529411764703,0.8830112029110122,2.695743271675225,0.5632670906200318
Copadichromis borleyi,Redfin hap,Cichlidae,freshwater,3,3,3,3,10.0,lek-like display,Mouthbrooder,11,0.37846964597702026,0.9500828582688353,43.516461208801616,2.5687124581010656,0.3498668814533614,0.5764705882352941,0.05358150028200789,4.0,26.320227035530536,0.11143707304807007,2.9107025654410683,0.4297520661157025,0.825589706933524,2.379340097653105,0.586582609309882
Labidochromis caeruleus,Yellow lab,Cichlidae,freshwater,3,2,3,2,8.33,"male display, mouthbrooder",Mouthbrooder,7,0.3093723654747009,0.9496298738713319,79.4256923646173,1.4492229339899476,0.6839515424003996,0.8156862745098039,0.7983108108108108,5.0,31.423905519636204,0.06554054054054054,2.803162550470266,0.41878172588832485,0.8822342901474011,2.3247951420811934,0.5364150943396226
Melanochromis auratus,Auratus cichlid,Cichlidae,freshwater,3,2,3,2,8.33,strongly dichromatic,Mouthbrooder,25,0.4340003728866577,0.9726696471458126,45.91585113198492,3.151617785807122,0.3757203810980599,0.7490196078431373,0.1754342032303647,6.0,59.84075214300466,0.23020384163073304,3.033090588869888,0.45,0.7998906332966136,3.002733847630807,0.4787036417191056
Labeotropheus fuelleborni,Fuelleborni mbuna,Cichlidae,freshwater,3,2,3,2,8.33,male display,Mouthbrooder,25,0.343150794506073,0.9581474333681324,37.524572651078074,2.1888367809429723,0.3145698414743162,0.5529411764705883,0.030667951188182403,4.0,28.066658538225763,0.11022379966479345,2.643338327221745,0.5300261096605744,0.8499785289246059,2.514440600767456,0.5369796986721144
Nimbochromis venustus,Venustus,Cichlidae,freshwater,3,2,2,2,7.5,mouthbrooder,Mouthbrooder,15,0.3244439661502838,0.9606500615020853,45.56825666947569,2.4986002519257493,0.37373503033862127,0.6039215686274509,0.100765201173857,5.0,46.65281515639951,0.24619883040935672,2.1673558421182006,0.5210970464135021,0.8484866864802572,2.3420304775165337,0.5480990783410138
Julidochromis marlieri,Marlier's julie,Cichlidae,freshwater,2,1,1,1,4.17,monogamous,Nest builder / guarder,1,0.014910319820046425,0.6830453264718882,12.26074159404202,2.6960045408264826,0.398762876672764,0.5725490196078431,0.07610474631751228,2.0,16.572754104160584,0.25572831423895254,3.970647153024955,0.45614035087719296,0.8351628576570092,2.676691563736423,0.39144736842105265
Neolamprologus pulcher,Daffodil cichlid,Cichlidae,freshwater,2,1,1,1,4.17,monogamous cooperative,Nest builder / guarder,14,0.3368227332830429,0.949285387483991,22.983109277018507,2.673682584064017,0.22052429031096904,0.32941176470588235,0.0021527098600521133,3.0,20.281479343539367,0.0844929554811951,2.9018819935256883,0.7039102564102564,0.7922314649076072,3.0826327594171214,0.3785497957272682
Amphilophus citrinellus,Midas cichlid,Cichlidae,freshwater,2,2,1,2,5.83,monogamous,Nest builder / guarder,25,0.42285507917404175,0.9703599043504256,58.04448802416205,2.074552580345352,0.3797621724163508,0.5882352941176471,0.08004809991664504,5.0,33.23942662550838,0.12396694214876033,1.972978110632234,0.5721040189125296,0.8392729142643438,2.3370473648856853,0.6124087926208067
Thorichthys meeki,Firemouth cichlid,Cichlidae,freshwater,2,2,1,2,5.83,monogamous display,Nest builder / guarder,25,0.39144352078437805,0.9557117483013726,34.96284304283758,2.7296986934425482,0.2992443457072489,0.5764705882352941,0.09009229946047176,5.0,34.36739791752591,0.25917420965800153,1.8963834849583714,0.539906103286385,0.8086114437444681,2.9112321574988016,0.5625591856060606
Pelvicachromis pulcher,Kribensis,Cichlidae,freshwater,2,2,2,2,6.67,"cave, mutual (female colourful)",Nest builder / guarder,1,0.7144259214401245,0.9950920268595226,36.065340684839676,1.210587111241612,0.4915668502622946,0.6784313725490196,0.23208030910338354,6.0,29.831814354817464,0.21305022929982306,2.57657193222322,0.39589442815249265,0.9107776944236059,2.07612628938896,0.593385467579016
Hemichromis bimaculatus,Jewel cichlid,Cichlidae,freshwater,2,2,1,2,5.83,monogamous,Nest builder / guarder,25,0.4336235523223877,0.9721609617706192,42.228683270598225,2.1497304640210264,0.3796878812792588,0.6039215686274509,0.10286184041514669,5.0,34.69649346864259,0.19424730049422623,2.836461584343585,0.38481675392670156,0.8605397406441061,2.6351546822607634,0.6159337738285107
Andinoacara pulcher,Blue acara,Cichlidae,freshwater,2,2,1,2,5.83,monogamous,Nest builder / guarder,25,0.21142572164535522,0.9377779264034344,29.918110528731543,3.0551646525961726,0.25038798673048385,0.4392156862745098,0.022976586803471047,5.0,45.89194563547203,0.2981651376146789,2.0419815504596563,0.5882352941176471,0.8769974631946402,2.1681666215556095,0.5970940361021535
Geophagus altifrons,Eartheater cichlid,Cichlidae,freshwater,3,1,1,1,5.0,mouthbrooder,Mouthbrooder,25,0.18780185282230377,0.9316513196829055,20.38329908644603,2.3249167147227965,0.13527025208633237,0.24313725490196078,0.0008903398130286393,4.0,34.935704277517715,0.15601503759398497,2.2081444117226092,0.6820512820512821,0.7934797768479777,3.1029338764919023,0.4457844574780059
Nothobranchius furzeri,Turquoise killifish,Nothobranchiidae,freshwater,2,2,2,3,7.5,male display,Nest builder / guarder,7,0.4898749589920044,0.9718197345556832,18.245876457581495,2.445743370520152,0.14232187159451878,0.2,0.0,3.0,22.241584582954857,0.1616323375117345,2.706963704702412,0.42857142857142855,0.9049627674615892,2.028344956869169,0.6296296296296297
Aphyosemion australe,Lyretail killifish,Nothobranchiidae,freshwater,2,2,2,3,7.5,male display,Nest builder / guarder,8,0.3410052955150604,0.9517370107441048,55.03279737981074,2.215825882007289,0.6246721196357446,0.8980392156862745,0.6157769177879011,5.0,31.97595153207306,0.1795301972057911,4.141437381148606,0.4778595811619172,0.6843854048763027,4.827589749251851,0.336231691942989
Xiphophorus variatus,Variable platyfish,Poeciliidae,freshwater,3,1,2,2,6.67,"livebearer, female choice",Livebearer (internal),25,0.45849844813346863,0.9778779150210489,63.45987553783723,2.0078893436273453,0.6145492404014218,0.8745098039215686,0.5746115173674589,5.0,33.09074619231607,0.14008470487321073,3.2028470898127677,0.42,0.8198919590783058,2.467607427177582,0.55426272292301
Poecilia sphenops,Common molly,Poeciliidae,freshwater,3,1,2,2,6.67,livebearer,Livebearer (internal),25,0.30459102988243103,0.9673441653037195,30.10084185321114,2.3958853569657057,0.28671865900221305,0.5098039215686274,0.04145179189242117,5.0,45.3221060368472,0.2272020256827636,3.1909308513893495,0.44621513944223107,0.801997616480336,2.6851176369017025,0.5258892841262783
Gambusia affinis,Western mosquitofish,Poeciliidae,freshwater,3,1,1,1,5.0,"TRAP: internal fert but drab, coercive",Livebearer (internal),25,0.45531541109085083,0.9804404862626914,25.572451753616292,1.8696316097913568,0.23464706457146287,0.43529411764705883,0.02399597973114452,5.0,39.07255031522536,0.18704918032786885,3.926246541350671,0.33585858585858586,0.7742572373272437,3.3282866245531673,0.44277269788491735
Glossolepis incisus,Red rainbowfish,Melanotaeniidae,freshwater,1,2,2,2,5.83,male red display,Harem / sex-changer,3,0.017472852021455765,0.601080925480506,25.628218320685736,1.963474569148068,0.2575379106538105,0.32941176470588235,0.0,3.0,17.44948958780028,0.07315964859133596,6.766797277823801,0.514792899408284,0.7574180114523685,3.93199411278307,0.20088078011953445
Trichopodus leerii,Pearl gourami,Osphronemidae,freshwater,2,2,2,2,6.67,"bubble nest, display",Nest builder / guarder,25,0.29751184582710266,0.9429829608622418,41.05615824811148,2.2790930202981503,0.3182765695729491,0.5607843137254902,0.07452146441181937,5.0,45.687565446848225,0.30458176170401596,2.345499178594303,0.4735376044568245,0.9025267557469444,2.1915246353795275,0.6074588660037878
Trichogaster chuna,Honey gourami,Osphronemidae,freshwater,2,2,2,2,6.67,"bubble nest, display",Nest builder / guarder,6,0.1824021264910698,0.8957068566265785,28.089623190427496,3.0022735010660853,0.41200854351290817,0.6274509803921569,0.12191430095677878,4.0,29.577544541361405,0.13951310102620965,2.2186308093062435,0.4893899204244032,0.9160901621326576,1.8644243601897719,0.6133745046558623
Sphaerichthys osphromenoides,Chocolate gourami,Osphronemidae,freshwater,3,1,1,1,5.0,mouthbrooder,Mouthbrooder,25,0.23664206266403198,0.9423459601430653,27.883759898490297,2.5495083489164863,0.36718893480257114,0.5529411764705883,0.04933121741101791,5.0,39.68367421636001,0.257724911129341,2.17706728106734,0.5301204819277109,0.9134952706603313,1.829931842286232,0.6091242744964152
Betta imbellis,Peaceful betta,Osphronemidae,freshwater,2,2,2,2,6.67,"nest, display",Nest builder / guarder,25,0.12789508700370789,0.9065567907623013,30.670451551182783,3.3043962701600047,0.48196167515691496,0.7568627450980392,0.2947449901092285,4.0,43.06210558541609,0.2530833744449926,3.0636685560004957,0.4368932038834951,0.8160251137019071,2.8541504488933467,0.5235816993464052
Hyphessobrycon pulchripinnis,Lemon tetra,Characidae,freshwater,1,1,0,1,2.5,egg scatterer,Pelagic pair spawn,2,0.39809565246105194,0.9741342657172569,51.03672411920766,1.2494113080954072,0.626266088319419,0.9372549019607843,0.56433487817189,5.0,31.362077186145896,0.2065739763532633,3.20066508423948,0.33933393339333934,0.7096635637614754,3.3911052949219362,0.5360317384595241
Pethia conchonius,Rosy barb,Cyprinidae,freshwater,1,1,0,1,2.5,"egg scatterer, males redden",Pelagic pair spawn,25,0.36150211095809937,0.9754659159810078,32.00258965226356,2.069600319944031,0.3365761574288639,0.6,0.09975601077619071,5.0,43.64780521476815,0.24115854596940503,2.5748417119267986,0.4576271186440678,0.7205031516294201,2.8920740518985015,0.47261027855389043
Corydoras aeneus,Bronze cory,Callichthyidae,freshwater,1,1,0,1,2.5,T-position spawner,Pelagic pair spawn,25,0.4414580464363098,0.9704836232909247,45.22680409044332,3.071691147094145,0.3887741371206864,0.6823529411764706,0.1716046576242075,6.0,43.603113387570765,0.24140750836327593,2.4692185277874503,0.4372623574144487,0.7707281368997434,2.64684518567795,0.5121150005255966
Ancistrus cirrhosus,Bristlenose pleco,Loricariidae,freshwater,2,2,2,2,6.67,"cave, male bristles ornament",Nest builder / guarder,21,0.0881643295288086,0.887260577331216,25.762473243558844,2.1385021552864756,0.34943246880213635,0.5647058823529412,0.07514622361617361,5.0,36.46913769184466,0.23056709332881242,1.877078426176787,0.7568238213399504,0.6020904836193448,4.676634488694853,0.35407330055548303
