scientific,common,family,habitat,c_fert,c_court,c_system,c_choice,mate_choice_index,note,n_images,colorfulness,hue_entropy,saturation,sat_p90,high_chroma_frac,n_color_clusters,contrast,edge_density,aspect_ratio,body_depth,solidity,silhouette_cplx,extent,strike_colour,shape_elaboration,distinct_colour,distinct_shape,distinct_overall
Sardinella longiceps,Indian oil sardine,Clupeidae,marine,0,0,0,0,0.0,"pelagic mass spawn, silver",19,26.4480720046925,2.8994785239114065,0.1630635815970224,0.3568627450980392,0.011205887272119,5.0,53.08807410819311,0.273104657961411,3.892068915162155,0.7936507936507936,0.901938029476616,2.925929440487802,0.5520578923563998,-0.7146520686872222,-0.5108601768576688,0.6842387680774533,1.7161974716321968,3.13390329797916
Caranx ignobilis,Giant trevally,Carangidae,marine,0,0,0,0,0.0,pelagic broadcast,25,20.416801882763263,2.426801018416453,0.1224402035268048,0.2313725490196078,0.0028311088906335,4.0,41.90334433548694,0.1669860101314995,2.0824729262972173,0.7134328358208956,0.7104578702081807,3.8167005693722382,0.5072144364074744,-1.2543185094667486,2.3496931996469157,1.1830874778576308,0.9823658775853877,2.5160490753767393
Mugil cephalus,Flathead mullet,Mugilidae,marine,0,0,0,0,0.0,broadcast spawn,25,24.81226087210998,2.040173343409436,0.1333083313646743,0.3098039215686274,0.0021025866705784,5.0,41.0341041064967,0.1630170316301703,2.838513157236482,0.4956011730205278,0.7864124945895253,3.5790421615956776,0.5587569383581653,-1.0326584078933934,0.6130149845143492,0.9927244617567498,0.8662627404911231,2.3548500821486833
Chanos chanos,Milkfish,Chanidae,marine,0,0,0,0,0.0,broadcast spawn,25,22.570251472104925,2.21781844854858,0.1492266898478609,0.3137254901960784,0.0003134059390425,6.0,50.58623689933822,0.2223321244092757,3.793652188605781,0.6378600823045267,0.7357623264140901,4.221805820081003,0.4707446808510638,-0.7653387926695773,2.0661176355975797,1.2434722790064292,1.4292916083410219,2.9709954761804642
Sphyraena barracuda,Great barracuda,Sphyraenidae,marine,0,0,0,0,0.0,pelagic,25,23.527026935238595,2.570889792683683,0.220805971850599,0.4117647058823529,0.0085498489425981,5.0,46.304402877858315,0.203896499238965,3.0146359025430067,0.5175438596491229,0.6903483946520933,4.213804955217967,0.4264059090146047,-0.7162559210706537,2.3337070763726446,0.4236926321254205,0.9749026579551113,2.5468995951132474
Sardinops sagax,Pacific sardine,Clupeidae,marine,0,0,0,0,0.0,broadcast,25,27.020008139490283,2.2934741497962037,0.2231027987263281,0.396078431372549,0.0158574341161368,5.0,47.18829679903637,0.1984615384615384,2.1213520744037457,0.8908450704225352,0.8513007489160426,2.913537295121884,0.5466731423020884,-0.7731729156701194,0.41027850165815094,0.49811612284812296,1.193604293051782,1.956182164068236
Selar crumenophthalmus,Bigeye scad,Carangidae,marine,0,0,0,0,0.0,pelagic broadcast,25,39.91933183926065,1.836829194864841,0.3122941141433641,0.4509803921568627,0.0048885810893388,5.0,44.49440802793245,0.1429673272629887,1.4167586616211971,0.9566929133858268,0.859705827658576,2.529250398876489,0.603523517051883,-0.6759934507760149,0.23702568658877715,0.4649489873384951,0.9522404486490306,2.074217777333387
Rastrelliger kanagurta,Indian mackerel,Scombridae,marine,0,0,0,0,0.0,pelagic broadcast,25,27.030037708489477,2.4553411909961467,0.2172746300974377,0.396078431372549,0.0046539437325275,5.0,41.03931037851242,0.2118085659788451,1.9788529545986784,0.7372881355932204,0.8154160996656012,3.4936385477592284,0.5746655012438647,-0.7435196626521711,0.8307694642789776,0.3964612043059572,0.793631832148484,1.8539849795667607
Lutjanus campechanus,Red snapper,Lutjanidae,marine,0,0,0,0,0.0,aggregation spawn,25,51.005745890290285,1.908865589442072,0.348242543738698,0.6,0.0986694041931535,5.0,47.3847889453989,0.2164390303925187,1.600086019474522,1.2660944206008584,0.8280258060082297,3.006528197722252,0.6138486354294039,-0.35227137154256,1.7884238649702233,0.5920884825123711,2.0617210670208177,2.874602463285555
Katsuwonus pelamis,Skipjack tuna,Scombridae,marine,0,0,0,0,0.0,pelagic broadcast,25,22.3082210633081,2.8206029612563186,0.1710632642392449,0.3490196078431372,0.0042838150573637,6.0,51.40642862318065,0.210206258083547,2.0059642952448984,0.8009708737864077,0.8413409710625885,2.862204350750931,0.634146942800789,-0.5503637169994305,0.26643350947592004,1.137061481629376,0.9236066022622298,2.365213274610531
Haemulon sciurus,Bluestriped grunt,Haemulidae,marine,0,0,0,1,0.83,aggregation,25,50.47324586662357,2.3299045265109064,0.4254796922306538,0.6862745098039216,0.2,5.0,39.68282787330136,0.1988504860361055,2.284542007476199,0.5737051792828686,0.775532391123617,3.1553847459671847,0.5271444531799562,-0.020223570974368013,0.7020043630245882,0.5011084438776294,0.6555982747195488,1.6539821599458886
Lutjanus kasmira,Bluestripe snapper,Lutjanidae,marine,0,0,0,1,0.83,"TRAP: yellow, aggregation spawn",25,78.68540497594651,3.0541377015053275,0.4974395005701517,0.9098039215686274,0.3535235876528829,5.0,31.65383617385283,0.1490592196474549,2.1450492513937554,0.5282051282051282,0.7427476352895671,3.9739076295920417,0.5021877269426289,0.7346838222700801,1.522826052534508,0.8813316886904461,1.0316838507672532,2.2869818642142903
Acanthurus coeruleus,Atlantic blue tang,Acanthuridae,marine,0,0,0,1,0.83,group spawn,25,63.083175646290115,1.5725710411062856,0.6502742803606084,0.9176470588235294,0.6951691117795101,4.0,20.56628418016114,0.0509435303315682,1.575974850222654,0.729957805907173,0.8820647164410809,2.1556521909446875,0.5998748435544431,0.41406544373760434,-0.9035140552857444,1.4299777821782924,0.6062253446290853,2.388212746603897
Epinephelus striatus,Nassau grouper,Serranidae,marine,0,1,0,0,0.83,huge spawning aggregations,25,41.67945599394739,1.8888681717142264,0.3556536711618804,0.5568627450980392,0.0640707964601769,5.0,36.529695407671575,0.1248595821163783,1.809084342957098,0.6830065359477124,0.856903285090742,2.459860668842836,0.5916083916083916,-0.4733977977908587,-0.5088374859870994,0.4831306628141009,0.5651237119737547,1.6362832031215344
Mulloidichthys vanicolensis,Yellowfin goatfish,Mullidae,marine,0,0,0,1,0.83,group spawn,25,59.2417048370144,3.2291983789209753,0.4442170252015829,0.6705882352941176,0.1788488535329901,5.0,31.047331911484125,0.1201280777299326,2.6020431131654407,0.5625,0.6501668354882917,4.440188608880095,0.428824218005608,0.26984715224365763,3.1255954805777173,0.5475963067273393,1.2473796100646573,2.412339485937215
Zebrasoma xanthurum,Purple tang,Acanthuridae,marine,0,1,0,1,1.67,"TRAP: vivid, aggregation spawner",25,71.26316588574332,1.919016973266838,0.6728426885510371,0.8627450980392157,0.6627786417833074,2.0,33.61144029042397,0.0345750740487582,1.861354359393553,0.8199052132701422,0.883535369034832,2.055892587298577,0.5920121334681496,0.08231857789401194,-0.7423302612661314,2.7347425612421414,0.6378465121131771,3.156064538696943
Zebrasoma veliferum,Sailfin tang,Acanthuridae,marine,0,1,0,1,1.67,aggregation spawner,25,33.48093567372453,2.9788292966933363,0.3689633708512132,0.5882352941176471,0.0862112156890813,5.0,45.75705902881467,0.1214097722851584,1.491998271856016,0.8074534161490683,0.923381694016626,1.763967440219011,0.6500294553801775,-0.18163644630595768,-1.483025325354205,0.570633122797999,0.6449479759023571,2.186282090863692
Acanthurus leucosternon,Powder blue tang,Acanthuridae,marine,0,1,0,1,1.67,"TRAP: gorgeous, aggregation spawner",25,77.7405636654905,2.064720250091383,0.5459031663984887,0.7843137254901961,0.4791132752434648,5.0,42.62765480960996,0.0665948877457431,1.9643091060589648,0.6785714285714286,0.872197818337183,2.005394148688897,0.6236095661846496,0.49013353532512416,-1.0065308469441925,0.9426282151217226,0.5681255249116199,2.1440172061164433
Naso lituratus,Orangespine unicornfish,Acanthuridae,marine,0,1,0,1,1.67,group spawn,25,34.83635628633127,2.7623856769472583,0.3006523659786657,0.5333333333333333,0.0728668438145851,4.0,34.87283173955551,0.0779979845482028,1.8883024732963003,0.6135265700483091,0.8982606692391868,1.906061189102567,0.6036090225563909,-0.57395445186269,-1.5873741676714408,0.747822396552389,0.5683513986382251,2.021503955679324
Zebrasoma flavescens,Yellow tang,Acanthuridae,marine,0,1,0,1,1.67,"TRAP: vivid yellow, aggregation spawner",25,81.13853368639565,1.341965379531691,0.8642831471530921,0.9372549019607844,0.9449402347341662,4.0,24.871046828719383,0.0472503014003524,1.7818873860413234,0.7569060773480663,0.8723739151345561,1.9798653667296784,0.5534956650064564,0.8804606924545072,-0.813220505411909,1.5153809406220151,0.7065186699597464,2.285798479104899
Paracanthurus hepatus,Blue tang,Acanthuridae,marine,0,1,0,1,1.67,"TRAP: brilliant blue, aggregation spawner",25,89.50845792277696,1.9470904172546168,0.7443659616077402,0.8666666666666667,0.8017277930888277,4.0,44.58797766663674,0.1069552617279478,2.0521593248877226,0.5192307692307693,0.9058919577129572,2.0112858453372757,0.6283224574247971,0.8159433340163598,-1.8766574846033404,1.2877841149281246,0.5761421583222,2.4516974937027483
Paracheirodon innesi,Neon tetra,Characidae,freshwater,1,1,0,1,2.5,TRAP: neon egg-scatterer,1,40.50639392377801,3.9899217030879943,0.3960546858767727,0.8627450980392157,0.2204056917953375,6.0,63.83144561696596,0.2443233424159854,6.794596910597557,0.24,0.8374831763122477,3.265471014047678,0.5185416666666667,0.7090202251349768,-0.9457526380978449,1.4260262182549641,4.101398118785612,5.778707147781588
Trigonostigma heteromorpha,Harlequin rasbora,Cyprinidae,freshwater,1,1,0,1,2.5,plant spawner,25,35.24501926963284,1.8187450045912328,0.3139215189999056,0.4866666666666752,0.042152466367713,5.0,31.7425374008403,0.1336367397600331,2.9350722131477154,0.4672131147540984,0.7135739738682856,4.217623876048654,0.447331583552056,-0.6542448535665247,1.8945097644464273,0.3126773261335705,1.0085381162238483,2.5678242010820123
Puntigrus tetrazona,Tiger barb,Cyprinidae,freshwater,1,1,0,1,2.5,egg scatterer,25,33.5900427734356,1.9794477103942176,0.2423508451841482,0.4705882352941176,0.0191530643122875,5.0,43.351517751327094,0.1747220997992263,1.9879548716634936,0.6090909090909091,0.8650220016852355,2.033481653455307,0.6928054790165324,-0.7259302033083036,-1.0822116441635958,0.5127263224779145,0.87732989969738,1.823331315126192
Danio rerio,Zebrafish,Cyprinidae,freshwater,1,1,0,1,2.5,"scatter spawner, some chasing",25,32.169589346482766,2.0296410415452657,0.3922309398756998,0.5137254901960784,0.0387523100184801,5.0,29.236660454794748,0.1695291679005034,2.6039554698269733,0.5338345864661654,0.8541335011661916,2.8317097126052064,0.5572572572572573,-0.5164791475898496,-0.642609258618593,0.5253578437419508,0.43151532466876025,1.6247716306090711
Paracheirodon axelrodi,Cardinal tetra,Characidae,freshwater,1,1,0,1,2.5,"TRAP: neon but egg-scatterer, low choice",13,65.9771327330725,3.0006712802290445,0.4980242326171426,0.8196078431372549,0.3939548310409237,5.0,44.81528012252338,0.2225902616760516,3.5306427220814225,0.4285714285714285,0.7356186685962374,3.8972027880400497,0.4602040816326531,0.5846383505824796,1.299486358115772,0.6723380902058417,1.1952753472998086,2.598548065348054
Hyphessobrycon pulchripinnis,Lemon tetra,Characidae,freshwater,1,1,0,1,2.5,egg scatterer,1,39.38500646320385,1.299120110774842,0.6447133579404756,0.8823529411764706,0.6115965051628276,4.0,27.280110765723983,0.1617685994175271,3.278573740749498,0.3111111111111111,0.8472352389878163,2.77021893853768,0.6377425044091711,0.0893158191539886,-1.1919658143368848,1.7218884173718358,1.0560058617180006,3.2195981809848084
Hemigrammus erythrozonus,Glowlight tetra,Characidae,freshwater,1,1,0,1,2.5,egg scatterer,1,14.858771167607634,1.9985545997061809,0.2550051227698287,0.3372549019607843,0.0,2.0,6.797215507660214,0.0154954954954954,1.6788610313636432,0.6438356164383562,0.6904126462738658,3.3157333255205774,0.4900903526668609,-1.6113015698332827,2.1119130485188395,1.907261700720272,1.0526480046378988,4.564663081968628
Pethia conchonius,Rosy barb,Cyprinidae,freshwater,1,1,0,1,2.5,"egg scatterer, males redden",25,31.905606167846596,2.092676608383757,0.2981048896021474,0.5372549019607843,0.0457946314443971,6.0,45.72917228093686,0.2494577006507592,2.286622695446559,0.5165562913907285,0.7907033256960355,2.8601674887532846,0.533509412216673,-0.35709609810912907,0.16321512057754028,1.1631556695222725,0.679211618230039,2.0603981297537266
Corydoras aeneus,Bronze cory,Callichthyidae,freshwater,1,1,0,1,2.5,T-position spawner,25,44.45726741042824,3.019361746248806,0.4178641386737121,0.6470588235294118,0.1592694236774865,6.0,46.84550697923299,0.2306553843183938,2.629721537914169,0.4521276595744681,0.7526066820219431,3.315407805769979,0.5112095749187968,0.2701502002785469,0.775426818806958,0.7311333999805094,0.939241067147603,1.9378281308978025
Zanclus cornutus,Moorish idol,Zanclidae,marine,1,1,1,1,3.33,pelagic pair spawn,25,57.84167672965964,2.9945025911681613,0.3445598575025191,0.6509803921568628,0.1443801951572099,5.0,60.56815898110013,0.1349771566783122,1.8474151000900525,0.8173913043478261,0.6471579454157013,4.2541377913283105,0.3970467596390484,0.05457784050222675,3.737281025999783,0.5541243198508994,1.3996776159780393,2.7928418724171165
Siganus vulpinus,Foxface rabbitfish,Siganidae,marine,1,1,1,1,3.33,monogamous pairs,25,93.09941904054084,1.931177670514603,0.6846199542891089,0.8862745098039215,0.725196204755769,4.0,27.618517208774783,0.0486700821110253,2.4025757182518146,0.5525291828793775,0.8634766605320395,2.632038900840944,0.5386161355153604,0.7394277159843039,-0.8400309762241001,1.3010756720976357,0.4417125396875294,2.2985325407480044
Amphiprion ocellaris,Clown anemonefish,Pomacentridae,marine,2,1,1,1,4.17,monogamous; orange partly symbiotic,25,73.6119965068925,2.174810613500735,0.4220653452801158,0.792156862745098,0.2592451805593266,5.0,44.04639114013288,0.0844488310406514,1.4824466588364402,0.8061674008810573,0.8193613152511554,2.6853696300345833,0.5891109683757132,0.22219632580575646,0.45902379855461817,1.0113718182746656,0.6068204142727225,2.0287606942488927
Pseudocheilinus hexataenia,Sixline wrasse,Labridae,marine,1,1,2,1,4.17,haremic,25,40.10573787311699,3.913019941207992,0.4283297191657966,0.6666666666666666,0.1635691349615646,5.0,28.9690702544508,0.1279208781654168,2.4022323094631637,0.6233766233766234,0.8971455401654399,2.1657016507713966,0.5653698719517168,0.2937930072481944,-1.3835834668620994,0.8898731377842968,0.6140180631733987,2.039837015971734
Premnas biaculeatus,Maroon clownfish,Pomacentridae,marine,2,1,1,1,4.17,monogamous,25,79.34261656183443,2.3394688911099517,0.5562413103469297,0.803921568627451,0.4474565064672094,4.0,30.002305589311096,0.0733474192574705,1.4612115469441502,0.8097014925373134,0.8825192220714608,2.2596886531237557,0.6396716417910447,0.36419027364429474,-0.6289664218356606,1.473026888013157,0.6130253460822697,2.3702013662582195
Amphiprion frenatus,Tomato clownfish,Pomacentridae,marine,2,1,1,1,4.17,monogamous,25,100.42048628590814,3.0402546289409296,0.6239186311228612,0.8705882352941177,0.575655790147153,5.0,43.21831083084772,0.0820131636318335,1.4635803951685658,0.8833333333333333,0.8358897834536368,2.172533249981907,0.5608837167825932,1.1232862119857925,0.12898889059772123,1.2091077197224305,0.8652993159839364,2.534515154870996
Chaetodon lunula,Raccoon butterflyfish,Chaetodontidae,marine,1,1,1,2,4.17,monogamous pairs,25,74.73872640352184,2.67802087312319,0.6225990596315151,0.8980392156862745,0.5690231249450453,5.0,48.62551566912362,0.1281123490846559,1.4871836022605311,0.7660377358490567,0.9598200434377908,1.5072119004609403,0.699364361129067,0.8725217990039633,-2.2351021373745588,0.9868029408524182,0.6722164655609641,2.1385290650019226
Chromis viridis,Blue-green chromis,Pomacentridae,marine,2,1,0,2,4.17,"male nest, females choose",25,48.125205560375704,2.684436324117919,0.4266228675804397,0.7058823529411765,0.1689142968826346,5.0,37.92310876717496,0.1803273558038368,2.109875900880793,0.5665529010238908,0.8335683769546642,2.9724659878307524,0.5692807364707907,0.05584097487663824,-0.19550848797354298,0.5697689686073585,0.6124086426806926,1.3103718578362966
Pterois volitans,Red lionfish,Scorpaenidae,marine,1,1,2,1,4.17,"TRAP: striking = aposematic warning, not display",25,35.46218802801684,3.0638134426491908,0.3432519521745314,0.5372549019607843,0.0635364771719101,5.0,45.24112361665378,0.2955667050501727,1.3306475575010812,0.8759124087591241,0.6906633752806175,5.869808603691428,0.4974016620498614,-0.23192682874038617,4.334116066591027,0.5364970340143611,2.4395951742352042,3.3467039336537328
Chromis cyanea,Blue chromis,Pomacentridae,marine,2,1,0,2,4.17,"male nest, female choice",25,77.4970853372588,2.128329141176325,0.60801773851081,0.8470588235294118,0.5678542459599426,5.0,38.72842146045209,0.1838494613266341,2.4290845793708487,0.6183844011142061,0.7689794057299187,3.583021804485331,0.4566233470132239,0.6841804510135479,1.1765857015959351,0.908414467149308,0.6741318481285244,2.5184330675952395
Chaetodon semilarvatus,Masked butterflyfish,Chaetodontidae,marine,1,1,1,2,4.17,monogamous pairs,25,101.20867895620168,1.4765108815532584,0.8750387845975479,0.9882352941176472,0.9376680979568726,4.0,31.01124080809891,0.1272637345913864,1.4013971549732973,0.7873134328358209,0.956041531854815,1.6006915160869557,0.6966628086419753,1.1014786239053145,-2.069399212635197,1.3988551081088882,0.6590051733407188,2.7571994473765438
Heniochus acuminatus,Pennant bannerfish,Chaetodontidae,marine,1,1,1,2,4.17,pairs,25,54.38266742992387,2.544368341281537,0.3594882677558298,0.7803921568627451,0.1825967797190818,5.0,60.274366017771314,0.104552780016116,1.59999894020208,0.9866071428571428,0.7196876865554404,3.322832863953576,0.4841986217393142,0.06518392673024521,2.6570538235114904,0.6967936289458729,1.0849997680673222,2.8345034669211904
Forcipiger flavissimus,Longnose butterflyfish,Chaetodontidae,marine,1,1,1,2,4.17,pairs,25,106.17886030146748,1.31991282709608,0.836430060875122,0.996078431372549,0.8324759561619325,3.0,35.18010195307401,0.0527162351476158,1.656074471457702,0.6901408450704225,0.9169500316984612,1.8595421273103212,0.5919066740515093,0.7725928552808811,-1.6554675653705329,1.9567916354184578,0.6355547898122207,2.5727909197304086
Chaetodon auriga,Threadfin butterflyfish,Chaetodontidae,marine,1,1,1,2,4.17,long-term monogamous pairs,25,85.51554004554697,2.178322199292896,0.411978380527212,0.9294117647058824,0.3458460318640204,5.0,40.548458316140696,0.1339833379108303,1.5803173837050932,0.7658227848101266,0.9296194679708936,1.8235084942855488,0.6549503478622822,0.47048242465562057,-1.64029961035092,1.362823336854739,0.5504105391355044,2.1793187535819736
Cryptocentrus cinctus,Yellow watchman goby,Gobiidae,marine,2,1,1,1,4.17,"pair, male tends",25,49.64496231028138,2.059867322865299,0.5476380539181862,0.8274509803921568,0.4885654885654886,5.0,29.864431142614663,0.1034161713098904,1.912925684012452,0.9043062200956936,0.7798032407407407,2.9339311438312903,0.5145445134575569,0.34618123746550417,1.4002515825851873,1.1469513548512729,0.9302762246058783,2.3562076326136645
Amphiprion percula,Orange clownfish,Pomacentridae,marine,2,1,1,1,4.17,monogamous pair,25,53.76091096935251,2.6980847542518047,0.4350435494572199,0.7372549019607844,0.2088780407082575,5.0,43.08501901618144,0.1509610477972444,1.5219270140834162,0.7382198952879581,0.8219109821857593,2.624961276214397,0.5736090130916415,0.16026708170635814,0.20411571310768267,0.5325136211073495,0.4980190286992022,1.612893788898618
Elacatinus oceanops,Neon goby,Gobiidae,marine,2,1,1,1,4.17,"pair, male tends eggs",25,64.65661181825126,2.3237262997065673,0.5213747762462159,0.7490196078431373,0.3581813701330705,5.0,40.86805585696978,0.1642434696895022,3.3757029048559053,1.0168539325842696,0.8706495297565461,3.0919302507538373,0.5265432098765432,0.33374221615494104,0.607709789489571,0.9322046299231614,2.059339440142174,3.1357042958422556
Oxycirrhites typus,Longnose hawkfish,Cirrhitidae,marine,1,1,2,1,4.17,haremic,25,78.40947069993487,2.623121579855873,0.4920101698030366,0.8862745098039215,0.3313870108584306,6.0,37.68973624240764,0.2532428537112659,2.36503845158561,0.6120689655172413,0.7898765581507927,3.872890606797663,0.4534870250231696,0.7931529230903894,1.065965552636372,1.4922021627116044,0.8842305972205692,2.535519457571639
Labroides dimidiatus,Cleaner wrasse,Labridae,marine,1,1,2,1,4.17,"haremic, protogynous",25,47.93996603716209,2.671487309924633,0.353231357355321,0.6392156862745098,0.1320881065697271,5.0,52.03612427036907,0.1923345992404557,2.332837391391109,0.6526946107784432,0.8557869203998172,2.5635619533383163,0.5326461413264614,-0.10755560165438315,-0.5111224837134585,0.6007279412640958,0.618664580140457,1.7901681920097148
Neolamprologus pulcher,Daffodil cichlid,Cichlidae,freshwater,2,1,1,1,4.17,monogamous cooperative,18,20.030730607355153,2.383378227704271,0.2607544571548719,0.3862745098039215,0.0025023989999537,3.0,17.517520048078538,0.0999960221162829,3.373045163000895,0.6897419072615922,0.8145786870964196,2.9083409946657883,0.421714891934178,-1.207367817567027,0.34701531843064815,1.249616469127946,1.3024849019666824,3.087215273078102
Neolamprologus brichardi,Fairy cichlid,Cichlidae,freshwater,2,1,1,1,4.17,monogamous cooperative,2,37.15206704043771,3.0348038469018936,0.3936530878268183,0.5450980392156862,0.0591694180949307,4.0,25.03818744135255,0.1278829171987831,2.657320644488885,0.4542423498609065,0.6477237777796399,5.005406028335098,0.4058557754933293,-0.3887250300732415,3.2190753521505022,0.9327859368688675,1.5943742499538194,3.161985542962123
Trichopodus trichopterus,Three-spot gourami,Osphronemidae,freshwater,2,1,2,1,5.0,bubble nest,25,33.19895388096204,2.5958638411557167,0.2788898286983639,0.5019607843137255,0.0504575163398692,5.0,36.15476679291942,0.2037655267827604,2.4565943488404556,0.4366197183098591,0.9107340173638516,2.267622528659267,0.6383228618327956,-0.4779454925265005,-2.0030920665102094,0.6121845282337764,0.7434907122354953,1.583168002630374
Dascyllus aruanus,Humbug dascyllus,Pomacentridae,marine,2,1,1,2,5.0,nest-tending damselfish,25,29.70886941336547,2.1440097770856914,0.3884629405421833,0.6470588235294118,0.1393224440411373,5.0,56.7659840742931,0.1054541981087018,1.4830741477000908,0.8299595141700404,0.8444324454043677,2.23314584801256,0.6093181458629964,-0.32238352073401616,-0.08966703819673416,0.6230678023054679,0.6868598083646955,2.3083684635259787
Chrysiptera cyanea,Sapphire devil,Pomacentridae,marine,2,1,1,2,5.0,"male nest, female choice",25,102.80010968311645,1.4043400527381922,0.7759030218626347,0.992156862745098,0.8601961277344732,5.0,21.95343005400353,0.0754716981132075,2.2410582070677796,0.5782312925170068,0.8836714199638481,2.461954544294322,0.5612203495630462,1.1579035507635111,-1.1428028771356995,1.4908039591823565,0.4828156740488067,2.217996253228335
Balistoides conspicillum,Clown triggerfish,Balistidae,marine,2,1,2,1,5.0,"TRAP: bold pattern, haremic nester",25,42.86857315250904,2.978355889334152,0.3918345079471272,0.8,0.2759622190222829,5.0,61.63542428616445,0.1458810920241745,1.8874452263361072,0.5868263473053892,0.904195352360582,2.064390980208588,0.6545645161290322,0.21728979019074754,-1.638496695137912,0.8623621419611436,0.5036736343465911,2.5170800496798607
Rhinecanthus aculeatus,Picasso triggerfish,Balistidae,marine,2,1,2,1,5.0,"nest, haremic",25,43.29846867675876,3.0671265857682815,0.2316521112952682,0.4274509803921568,0.031972204871955,5.0,47.09038921815684,0.1033727755520357,2.1142208657742,0.5617283950617284,0.8653504378453485,2.286757973185892,0.5529509854842678,-0.41065302582692187,-1.0559491190893688,0.6505302455725931,0.42220638502895247,2.1644704227859592
Sphaerichthys osphromenoides,Chocolate gourami,Osphronemidae,freshwater,3,1,1,1,5.0,mouthbrooder,25,35.069739064326626,1.4793201052455558,0.4318052057708685,0.5843137254901961,0.0513914807302231,5.0,34.90787043188708,0.1953309692671394,1.8443790563814648,0.5440414507772021,0.92192680015913,1.9650584926751316,0.6784532215357458,-0.5329754336434241,-2.0495745782551955,0.8882472215405798,0.6801404154917394,2.003141416655592
Gambusia affinis,Western mosquitofish,Poeciliidae,freshwater,3,1,1,1,5.0,"TRAP: internal fert but drab, coercive",25,27.350450855754808,1.7215674108090622,0.2650718412871586,0.4431372549019607,0.0106982629702059,5.0,39.35094216625023,0.179860088365243,3.760038735918341,0.356,0.7892604333007603,3.171357263450875,0.4666591659165917,-0.8426842456753311,-0.05673655928252708,0.49621569800316384,1.5476702276027083,2.5379901701068563
Geophagus altifrons,Eartheater cichlid,Cichlidae,freshwater,3,1,1,1,5.0,mouthbrooder,25,19.967304766346174,2.2889181424843215,0.135972912108096,0.2470588235294117,0.0002853881278538,4.0,27.622737994697864,0.091379269251853,2.2653263478095584,0.6884057971014492,0.7995979060769289,3.377347399113436,0.4842301587301587,-1.2682006588196788,0.8340906197072806,1.0944521811226025,0.818713509358901,2.555235364666102
Pterophyllum scalare,Freshwater angelfish,Cichlidae,freshwater,2,1,1,2,5.0,monogamous pair,25,25.422461902029756,1.686622291506874,0.2366359646330854,0.4274509803921568,0.0222115384615384,5.0,41.90033268097832,0.1339760771292555,1.539820274130905,0.875,0.7609389458576473,3.27322328130119,0.4971881390593047,-0.9001754580235898,1.7816867616118746,0.629533815752654,0.9209274954861094,2.3933138962600955
Serranus tigrinus,Harlequin bass,Serranidae,marine,1,2,1,2,5.0,egg trader,25,37.3801727155283,3.263680793130438,0.2992265662052501,0.4980392156862745,0.0473815461346633,6.0,56.13977411723305,0.2506022746372345,2.842757764507686,0.4666666666666667,0.830969417277051,2.8997987971532417,0.5408583186360965,-0.03994776247771418,-0.47661420491800394,0.6004652919248065,0.625372496341074,1.784880932926353
Balistapus undulatus,Orange-lined triggerfish,Balistidae,marine,2,1,2,1,5.0,"nest, haremic",25,51.730441618971966,3.1347130509829766,0.3307233332445699,0.615686274509804,0.1195320679138786,5.0,34.88912272605564,0.179159802306425,1.9349346843812567,0.6727272727272727,0.8711905729378302,2.250929019964917,0.5766538988981889,-0.010792882371983453,-0.8553833672756055,0.5080671388703475,0.6008164855616162,1.5040125471572743
Odonus niger,Redtooth triggerfish,Balistidae,marine,2,1,2,1,5.0,"nest, haremic",25,47.39392856926308,2.2614384642450456,0.4197334504705432,0.7372549019607844,0.2193150541755217,5.0,28.555201151184637,0.1002239840722437,2.008805630798124,0.6435331230283912,0.7547285595450764,3.109430355967131,0.4894707520891365,-0.0076507000503181445,1.1356289813173854,0.5175829296955812,0.7628371607066556,2.0955745528362435
Pomacanthus paru,French angelfish,Pomacanthidae,marine,1,2,1,2,5.0,monogamous pairs,25,33.26147291615426,2.7546010744245053,0.3925846307515254,0.592156862745098,0.0965554080740716,3.0,39.36368822818916,0.1409760920366708,1.227895905779654,0.8571428571428571,0.9050980124074992,2.096318794624376,0.6345434868162141,-0.6407643035617854,-0.9001830994472951,1.4843568400421652,0.7894991328606457,2.7527326328412194
Hypoplectrus puella,Barred hamlet,Serranidae,marine,1,2,1,2,5.0,"egg-trading hermaphrodite, colour morphs",25,45.61056894011382,3.17097822039839,0.3158596646076914,0.5725490196078431,0.086765918659664,6.0,40.60628336120171,0.1222466960352423,1.6276162075231877,0.7077625570776256,0.7991649348916131,2.476926085193552,0.5201751330911986,0.0991408760899487,0.3285045474707402,0.611945075444263,0.738963522493983,1.851880699981446
Thorichthys meeki,Firemouth cichlid,Cichlidae,freshwater,2,2,1,2,5.83,monogamous display,25,39.12436286293821,2.785406512494147,0.2890023263034846,0.4705882352941176,0.0415509813307802,5.0,38.43753811593348,0.2575425585707062,1.8740892905343236,0.7074074074074074,0.7906654876782899,3.2807921754412166,0.5465787753323164,-0.41053529307440884,0.9425290433626582,0.5089727576227616,0.6480083803109116,1.7508596976066648
Coris gaimard,Yellowtail coris,Labridae,marine,1,2,2,2,5.83,"haremic, terminal-male display",25,78.03320018110401,3.856745410683309,0.5622124285514072,0.9607843137254902,0.4418031261630071,5.0,37.56220681853806,0.1266747301823595,2.697977097004396,0.5191082802547771,0.906695074222459,2.210826367986296,0.5756499095202365,1.1152976843950844,-1.7626646133216581,1.1170431762667277,0.6205195000165593,2.6178683572888297
Gomphosus varius,Bird wrasse,Labridae,marine,1,2,2,2,5.83,haremic display,25,38.99600469324574,2.8651348416241897,0.2964211717658245,0.5294117647058824,0.0643948581130244,5.0,57.707363376971934,0.1395833333333333,2.388681352276984,0.5509138381201044,0.7913894205936863,2.940622784957228,0.4999435028248588,-0.31584161323570303,0.2973538642989962,0.467907623006362,0.6608140635727412,2.110237289006197
Macropharyngodon meleagris,Leopard wrasse,Labridae,marine,1,2,2,2,5.83,haremic display,25,50.17175253223971,3.585299551412321,0.4015441796267457,0.6862745098039216,0.1573379603716556,5.0,39.08157867092713,0.2882164055658266,2.576922032229615,0.5175718849840255,0.8627924167318898,2.2015318542481355,0.5652601156069365,0.2590608868575233,-1.19491099128842,0.5320689999433168,0.49753405218228347,2.0323126335410344
Bodianus rufus,Spanish hogfish,Labridae,marine,1,2,2,2,5.83,haremic,25,62.56015481919361,2.845475776340821,0.4520823474610224,0.7803921568627451,0.3285115383162745,5.0,29.11855187870345,0.1092987088140619,2.9782105003901145,0.5672131147540984,0.8482676483326115,2.8901654427183017,0.5981276634327681,0.39454058660994734,-0.43866662398790196,0.5972504417676547,0.7439389558011846,1.9914028318987094
Nemateleotris decora,Elegant firefish,Microdesmidae,marine,2,2,1,2,5.83,"pairs, display",25,59.0964466977119,3.6289616153872952,0.3578825532672628,0.8627450980392157,0.2687151384675604,5.0,59.03095682163192,0.0944518419884598,2.5803985282506323,0.75,0.705756376143812,3.572873496039487,0.3492750365291671,0.5142727952315876,2.3577290640701767,1.1209393667990732,1.4832425422013278,2.8464814830739416
Nemateleotris magnifica,Fire goby,Microdesmidae,marine,2,2,1,2,5.83,"pairs, fin display",25,68.46778266311998,3.256571234385136,0.4122092868875157,0.8196078431372549,0.3006604766918733,6.0,50.92071951129275,0.0887226308225547,1.920821750639543,0.8888888888888888,0.6777430429564295,3.631121441126347,0.3345744254944351,0.7342545327264848,3.137999518237665,1.2422059774367962,1.614856156035288,2.9493662104228835
Stegastes partitus,Bicolor damselfish,Pomacentridae,marine,2,2,1,2,5.83,male courtship sound + display,25,38.8978430070412,2.7919832676076326,0.4078614199999599,0.6392156862745098,0.1264337715393076,6.0,45.772518675630735,0.0729618025464969,1.8857562389737816,0.660958904109589,0.8096677436912992,2.808459589514765,0.5594639612356148,0.13288643947328196,0.2713717503521066,0.7000843613015337,0.6094191747875934,2.045267775931618
Ostracion meleagris,Spotted boxfish,Ostraciidae,marine,1,2,2,2,5.83,"haremic, sexually dichromatic",25,38.07635643407241,3.446081272261293,0.4789530411765214,0.7764705882352941,0.2471712465531995,4.0,42.260971643312274,0.2410254537486761,2.276129511573453,0.54296875,0.832344124097137,2.362992368042909,0.576007141417341,0.14364392831940032,-0.6245749456658196,1.3633580873777411,0.5121437951748165,2.2211023250677533
Glossolepis incisus,Red rainbowfish,Melanotaeniidae,freshwater,1,2,2,2,5.83,male red display,3,28.358750195723353,2.604408683880111,0.2487696026777412,0.3411764705882353,0.0,3.0,16.835354420807338,0.1076320939334637,4.954723839807736,0.360759493670886,0.7556564690885914,4.017466832474991,0.339662447257384,-1.1458916551046343,0.9278982008584008,1.3190123343510403,2.298514686245415,4.239427169069029
Chlorurus sordidus,Bullethead parrotfish,Scaridae,marine,1,2,2,2,5.83,haremic,25,34.862357437223146,3.0361092258254,0.2835679789757504,0.4784313725490196,0.0167458488169716,5.0,26.048215102962477,0.0664335664335664,2.776790250332742,0.6153846153846154,0.8637554400642244,2.278857948229733,0.5303914835164835,-0.38778696952606934,-0.894962929054856,0.4831349307954665,0.6357054138371819,1.9775818528654383
Sparisoma viride,Stoplight parrotfish,Scaridae,marine,1,2,2,2,5.83,"haremic, terminal-male display",25,54.51767150305476,3.0231357243333026,0.4095141398823133,0.6588235294117647,0.1411599049546774,5.0,32.4595652116269,0.1985916292804815,2.266766959624491,0.5435897435897435,0.8491481020419539,2.4317553442920867,0.5649336201142179,0.11166671989783121,-0.8009847577211573,0.5274573172602467,0.38788574587878477,1.4922327860890072
Opistognathus aurifrons,Yellowhead jawfish,Opistognathidae,marine,3,1,1,2,5.83,paternal mouthbrooder,25,50.70355987535934,2.8784241117806135,0.3130442333442863,0.5803921568627451,0.0834892759464517,4.0,37.1154711795816,0.0960023174971031,2.412141198871564,1.4155844155844155,0.885245093204458,2.205377064554735,0.4727464788732394,-0.3756866264639001,0.9378465585136577,0.979242890078449,2.8556101503115996,4.084944604749738
Hemichromis bimaculatus,Jewel cichlid,Cichlidae,freshwater,2,2,1,2,5.83,monogamous,25,38.35090735491422,2.150506980539937,0.3717939034876916,0.5764705882352941,0.0827120724037429,5.0,35.62221943804779,0.2127494971375522,2.8313990749814395,0.4,0.8934806774341202,2.513248914596037,0.661,-0.37960014349831495,-1.7212369230776348,0.44256174848187657,0.6969162125384496,1.6905974502379533
Amphilophus citrinellus,Midas cichlid,Cichlidae,freshwater,2,2,1,2,5.83,monogamous,25,57.840423345918595,2.053787706736637,0.3243551123153086,0.596078431372549,0.0964543774155604,5.0,32.60741136311041,0.1177081478843985,1.5839480000505142,0.7294117647058823,0.8303241518307021,2.933523217793541,0.5941129379152129,-0.29737255149454184,0.26274053710586354,0.7438868404318215,0.5224620974183266,1.904966871283306
Andinoacara pulcher,Blue acara,Cichlidae,freshwater,2,2,1,2,5.83,monogamous,25,28.435382167693938,2.716970000095942,0.2209833199315477,0.3843137254901961,0.0135637009526885,5.0,42.43196597057704,0.2720475038486914,1.77171156488085,1.2621951219512195,0.8780609543976404,2.2225438705057816,0.6583392984967789,-0.6647019461288656,0.6287765490913974,0.41202264972662384,2.0292599375403486,2.9923398538660764
Holacanthus tricolor,Rock beauty,Pomacanthidae,marine,1,2,2,2,5.83,haremic,25,89.53608823590747,2.7417833578230955,0.6716265120933473,0.984313725490196,0.6176388345170851,4.0,51.868278566173586,0.0651072612421039,1.6984679878980966,0.7,0.9183601880217956,1.909707044965064,0.6604914347724983,0.9309850695327241,-1.6159932577373857,1.5691642935813375,0.49870870248304316,2.496297353625663
Holacanthus ciliaris,Queen angelfish,Pomacanthidae,marine,1,2,2,2,5.83,haremic display,25,96.02348763054424,3.501107760404211,0.54097325140823,0.9058823529411764,0.3972408579797788,5.0,37.2903179587375,0.1408653017447762,1.378252257437657,0.746031746031746,0.8642408889400657,2.4488158340991046,0.6304624622736419,1.041238721023354,-0.44205647272531934,0.9944229141208816,0.6806996567859952,2.201261632236665
Genicanthus melanospilos,Swallowtail angelfish,Pomacanthidae,marine,1,2,2,2,5.83,"haremic, sexually dichromatic",25,38.926007519403655,3.1592461436983412,0.2780081201551189,0.5803921568627451,0.0856437002470491,6.0,39.92374305221145,0.1635843981170141,2.3311034103187445,0.5836431226765799,0.8446692577351014,2.870932468201249,0.564097209792574,0.01816493268177995,-0.3589702574728592,0.6035501255616765,0.4624867582347247,1.7569543946609376
Centropyge loricula,Flame angelfish,Pomacanthidae,marine,1,2,2,2,5.83,"haremic, protogynous",25,101.22611691302716,2.188529593330656,0.7671393338344782,0.984313725490196,0.8335150712672327,5.0,30.43688603021844,0.0901182547233926,1.8357173509393645,0.6987951807228916,0.9024099175320164,1.9604040067926547,0.6244043488318297,1.3226132183232526,-1.377624823288111,1.4667417275196513,0.49300319161192335,2.3836187935954234
Ecsenius bicolor,Bicolor blenny,Blenniidae,marine,2,1,2,2,5.83,"male nest, female choice",25,42.38632126993499,3.4438025884260584,0.3811575395013106,0.615686274509804,0.1220958843792898,5.0,42.19018100095709,0.1383116323187031,1.6242325028640336,0.7207792207792207,0.8309320013052537,2.694895678980841,0.585464358831193,0.06282244870550137,0.08206602209277339,0.6903133449119568,0.41103258174741386,1.718490777739019
Pterapogon kauderni,Banggai cardinalfish,Apogonidae,marine,3,1,1,2,5.83,"paternal mouthbrooder, pair",25,38.012056649612354,3.638438415185979,0.3835304417558406,0.7254901960784313,0.2207601444396842,6.0,53.49461209713197,0.2394114555964266,1.683565403171906,0.8225806451612904,0.5857797261353561,6.089015347205873,0.3512676886792453,0.46639891877977524,5.707430526016685,1.1493577636974603,2.685584874716596,3.907172756351025
Ostracion cubicus,Yellow boxfish,Ostraciidae,marine,1,2,2,2,5.83,"haremic, male display",25,59.049153906033666,2.7824975657601816,0.4652486562438083,0.7647058823529411,0.2559098915361082,5.0,38.58740953085685,0.1379393009541161,1.689852460138476,0.7137809187279152,0.8796237581906574,1.9592258476283733,0.6450169138693729,0.30510078211058417,-1.0380348163057995,0.5549821256141579,0.5642015487299098,1.9107927435060283
Pygoplites diacanthus,Regal angelfish,Pomacanthidae,marine,1,2,2,2,5.83,haremic,25,103.36926640227908,3.5208748469169717,0.6064455363574786,0.9647058823529412,0.5561862422101377,5.0,47.33490507537462,0.1976368544497057,1.841069701046058,0.6940298507462687,0.9372216451571592,1.8876052959003449,0.6802248677248677,1.3219607208209398,-1.8941545191686942,1.1389969624357317,0.6164017894777635,2.406254492454141
Pomacanthus imperator,Emperor angelfish,Pomacanthidae,marine,1,2,2,2,5.83,haremic male display at dusk,25,70.16395369474981,2.9926696058040068,0.5674739747535275,0.9215686274509804,0.4342701172664779,5.0,54.30037682674684,0.2030637089138374,1.5751358156042254,0.6716981132075471,0.9476664958055684,1.767403939459326,0.6889287612971824,0.7982784887471427,-2.167158532393666,0.774844957394449,0.6158790852390293,2.2126837074492096
Centropyge bicolor,Bicolor angelfish,Pomacanthidae,marine,1,2,2,2,5.83,"haremic, protogynous",25,132.29894143680062,2.364183037589772,0.7989103909623031,0.9803921568627452,0.8889964504678929,5.0,63.30000000770339,0.0748252595854712,1.8273167807518664,0.5960264900662252,0.9091219881980468,2.105894536550483,0.6351772894002571,1.6446882049712563,-1.6524975685827212,1.7272438930549328,0.5088766133358014,3.3692514556577984
Symphysodon aequifasciatus,Discus,Cichlidae,freshwater,2,2,1,2,5.83,"monogamous biparental, mutual choice",3,28.463749286921868,2.748596764770107,0.2164746709172346,0.403921568627451,0.0103642660330139,5.0,39.45649144374463,0.2077854906764666,1.0841673029105598,0.9367088607594936,0.9623061040817408,1.5355210231551777,0.7291957603752641,-0.6458299378290585,-1.7890625853670425,0.4308309559267137,1.3198134245830158,2.860710796047536
Cyphotilapia frontosa,Frontosa cichlid,Cichlidae,freshwater,3,1,2,1,5.83,polygynous mouthbrooder,21,37.91182140974641,2.659482846753826,0.3462130398639425,0.5843137254901961,0.0884573137956016,5.0,40.839332539898585,0.2095003785011355,2.19276751878575,0.6761363636363636,0.8838572189664358,2.542184651691111,0.6210691823899371,-0.2625000371123595,-0.8305601514455554,0.5134188578294854,0.8024613202647016,1.4753220317886853
Scarus quoyi,Quoy's parrotfish,Scaridae,marine,1,2,2,2,5.83,"harem, terminal-male display",25,51.51342755296445,3.379642560181731,0.4165451322619,0.7098039215686275,0.1707137601177336,5.0,27.254904432600306,0.0676654003297254,2.550244883129684,0.5668789808917197,0.8424216630313348,2.5870502329697076,0.5204574742268041,0.25820952143215486,-0.5523603678464277,0.49420379033090284,0.543671028059246,1.8069376788816556
Doryrhamphus dactyliophorus,Banded pipefish,Syngnathidae,marine,3,2,1,2,6.67,male brood,25,53.17032305742028,3.3153465576017993,0.4556335141651597,0.7450980392156863,0.2716497597437266,5.0,51.412323713207265,0.2291273139403097,3.843693618954315,0.608433734939759,0.6959809405427801,4.649529064439946,0.3469818181818181,0.39144825300687686,2.7778281724363976,0.6608339601039487,1.6828141734107416,3.111487307654556
Apistogramma cacatuoides,Cockatoo dwarf cichlid,Cichlidae,freshwater,2,2,2,2,6.67,"harem, male display",2,42.73270143655472,1.3589474457722996,0.592235663490018,0.7470588235294118,0.4804509010276203,5.0,36.83195310908981,0.2029565283917345,3.2778053604504636,0.5830147888206543,0.8707493580105734,2.863819576423512,0.4784734930986615,0.08349734712118988,-0.7083112802864133,1.5530508278518276,0.9089999170509326,2.9089352405448445
Pelvicachromis pulcher,Kribensis,Cichlidae,freshwater,2,2,2,2,6.67,"cave, mutual (female colourful)",1,33.47615741808348,1.188841769053896,0.4828817577009929,0.6627450980392157,0.2094590564799904,5.0,29.57118419920745,0.2004532713067334,3.0982389581910916,0.3345454545454545,0.9416678545972916,2.146895029962792,0.6527470355731225,-0.39333930239424025,-2.761452039687721,1.393631396288265,0.8764597007623449,2.5531044169009833
Thalassoma bifasciatum,Bluehead wrasse,Labridae,marine,1,2,3,2,6.67,"terminal males defend, females choose",25,50.5572426728515,3.063639855719771,0.3922417761845425,0.5843137254901961,0.0801801801801801,5.0,39.87028001913992,0.1349400465310505,3.2841335113493235,0.6,0.8406009768063252,2.5391105580923132,0.51848005845929,-0.02796491486266717,-0.4689369725758301,0.5908790844255065,0.7604120604100308,1.9826299287490845
Xiphophorus variatus,Variable platyfish,Poeciliidae,freshwater,3,1,2,2,6.67,"livebearer, female choice",25,51.28950300374245,2.163211862944274,0.4120574624137636,0.7137254901960784,0.1849063765182186,5.0,38.79078878365485,0.1593799682034976,2.6876031564412624,0.5235457063711911,0.8211116752496312,2.542430887161516,0.5835814746146787,-0.05938253588092315,-0.4169229172132829,0.5275224365489335,0.6113575377532194,1.6508605187452683
Poecilia sphenops,Common molly,Poeciliidae,freshwater,3,1,2,2,6.67,livebearer,25,30.353669443561596,2.3464359253849074,0.269291751018434,0.4470588235294118,0.0239249316430524,4.0,34.13477282848632,0.1571818619840462,2.359388154350137,0.5527777777777778,0.8536125453410953,2.6446779120988286,0.5650083612040134,-0.8554941953382144,-0.7016454128566376,0.7091484468306799,0.38097443395004177,1.63098503089867
Canthigaster valentini,Valentini puffer,Tetraodontidae,marine,2,2,2,2,6.67,"haremic, male courts",25,38.615219467810626,3.5904923496978123,0.2742680650405328,0.5686274509803921,0.0831434378271848,6.0,54.4286356430314,0.2094653204260782,1.930497304725318,0.5741444866920152,0.8682409395125648,2.1460469333632517,0.5515448341852793,0.1153161205090314,-1.1485167515064665,0.8929767329234191,0.5615223267437093,2.1583572910080595
Trichopodus leerii,Pearl gourami,Osphronemidae,freshwater,2,2,2,2,6.67,"bubble nest, display",25,37.804009380862354,2.1058884787079495,0.3155969225260301,0.5294117647058824,0.0418384423854034,5.0,42.44439924370911,0.1876372872048325,2.292937362835631,0.5486725663716814,0.9073734083506072,2.2389287058825027,0.6430217831813576,-0.521779325095879,-1.6741394479782679,0.4889504497473056,0.559328500638672,1.3729937754148929
Trichogaster chuna,Honey gourami,Osphronemidae,freshwater,2,2,2,2,6.67,"bubble nest, display",7,29.008900412734107,3.1196777352327714,0.4600784931173808,0.6470588235294118,0.1628423390081421,4.0,28.68185707446989,0.1357207342762564,1.8280375321105984,0.7804878048780488,0.9047071842015664,2.0303389088001067,0.5971906166596432,-0.19330354832726845,-1.1434057722965205,1.2063852098854864,0.5528644351076986,2.150785248321871
Betta imbellis,Peaceful betta,Osphronemidae,freshwater,2,2,2,2,6.67,"nest, display",25,37.97488042268024,2.3666561032001963,0.4150120530265166,0.6470588235294118,0.132705023941628,5.0,39.07270158242488,0.2344417271964083,1.8597496985971629,0.6775147928994083,0.8332181809208903,2.769475757255068,0.5874359615144321,-0.18462416932652106,-0.018209158927779218,0.5441562353848359,0.49814780295715816,1.565864946029528
Pseudanthias squamipinnis,Sea goldie (anthias),Serranidae,marine,1,2,3,2,6.67,"haremic, protogynous, male courts",25,65.8925653640809,2.9733753129569886,0.4825743974392306,0.6823529411764706,0.2894051237516283,5.0,34.56178309272835,0.1197529130984135,1.7239667517607358,0.7491289198606271,0.7783702992951249,3.713862282874112,0.5783783783783784,0.37075106486788295,1.488083699453607,0.6286142836011637,0.8848005748596351,2.170371361647711
Trichogaster lalius,Dwarf gourami,Osphronemidae,freshwater,2,2,2,2,6.67,"bubble nest, courts",25,33.50330913876806,2.6342401818406085,0.3491097462960435,0.5764705882352941,0.0752049497293116,6.0,38.905552891992826,0.2477082404241613,2.247788432339147,0.5793650793650794,0.930809126659954,2.2779568541246715,0.6519453906748989,-0.09525487607837113,-1.875195805843579,0.8690378155106618,0.6282095283596231,1.949567157760038
Ancistrus cirrhosus,Bristlenose pleco,Loricariidae,freshwater,2,2,2,2,6.67,"cave, male bristles ornament",25,24.93337736032858,2.1888007425141236,0.3379464676001498,0.5529411764705883,0.0552683063163778,5.0,37.00614958686281,0.2593001402106142,1.762422230235423,1.039426523297491,0.6401907095517144,4.237001961773245,0.4135884420148379,-0.5333259952968366,4.418024193079501,0.5577795244838423,1.470273751565726,2.5818333499425004
Pseudanthias dispar,Peach anthias,Serranidae,marine,1,2,3,2,6.67,"haremic, male display",25,73.68717993068024,3.590305672940698,0.5004932469908964,0.7411764705882353,0.3249536268671287,5.0,31.667866705363497,0.0626495044993735,2.8639516571779415,0.5947955390334573,0.7294877742838978,3.545454396348267,0.4313608288503686,0.6812822524239771,1.6090275329196593,1.0675386364577304,0.9926299173080393,2.2508293887810926
Macropodus opercularis,Paradise fish,Osphronemidae,freshwater,2,2,2,2,6.67,"bubble nest, display",25,37.281496276958606,2.6626594386675637,0.3927857598764523,0.6235294117647059,0.121177631079748,5.0,28.169528851479388,0.133574937308921,2.753204625586275,0.6402640264026402,0.8781959714308643,2.4547621931724906,0.571516603902773,-0.16154214926235205,-0.907682804801242,0.5304332129294956,0.6854345468767258,1.7317934834804565
Gramma loreto,Royal gramma,Grammatidae,marine,2,2,2,2,6.67,"male nest, haremic",25,142.453801044175,2.934510692552502,0.7913572021810567,0.976470588235294,0.8447135772299288,4.0,41.83940097319411,0.1118059792556436,1.919317892266469,0.6526717557251909,0.8226260057225306,2.87888497472037,0.5078660506688408,1.6074433058563946,0.1225451215721344,2.030953005589107,0.5549571098819117,3.156136828977421
Pseudochromis fridmani,Orchid dottyback,Pseudochromidae,marine,2,2,2,2,6.67,"male nest, courts",25,51.18881752051551,2.0831275871113677,0.6035152781720553,0.7294117647058823,0.5874245358241258,4.0,29.201246444523196,0.0807764558547276,2.0613879036537193,0.71875,0.7977953840854288,2.764293076845029,0.5005488119834711,0.1855922641705975,0.5560696484667077,1.5042165882638883,0.6227642907820744,2.4403730787783173
Pictichromis paccagnellae,Royal dottyback,Pseudochromidae,marine,2,2,2,2,6.67,male nest,25,137.87598019707536,2.379333622919667,0.7456895031979859,0.9686274509803922,0.849469701668424,4.0,43.63329008586183,0.0588731695209729,3.207049116712944,0.5708955223880597,0.8225204039286208,2.537203114305235,0.4954499343597088,1.3778873906683733,-0.31082617622142744,1.7080827044345526,0.7455521074775672,3.167492822900614
Pseudanthias tuka,Purple anthias,Serranidae,marine,1,2,3,2,6.67,"haremic, male display",25,64.22479475169017,3.0988005794650957,0.4940367899737214,0.6941176470588235,0.2215235617230413,5.0,31.12681105778776,0.0972462930868476,2.679529441667343,0.5909090909090909,0.7697683928770587,3.2139723373044484,0.4608241670652001,0.3692413861606881,0.860996582272086,0.5981727454133748,0.8038047564669792,1.7978001053877364
Synchiropus ocellatus,Scooter dragonet,Callionymidae,marine,1,2,3,2,6.67,male courtship rise,25,28.32801579319047,3.0295276912921687,0.2740355207039914,0.4745098039215686,0.0366353490131786,6.0,49.106978042220184,0.281384088493485,1.889592984903376,0.6208333333333333,0.7943889438575213,3.1869480298600723,0.5308561546479674,-0.21685234943544018,0.6009313863545805,0.8204779160777852,0.6256365773482656,2.046776150558641
Xiphophorus maculatus,Southern platyfish,Poeciliidae,freshwater,3,1,2,2,6.67,"livebearer, female choice",25,35.13492457420769,1.722364504139284,0.3317982456140351,0.4901960784313725,0.0620711562897077,5.0,34.87116194646973,0.139950961612137,2.598065111952273,0.4778761061946903,0.8830452553306741,2.3779722772530567,0.587928899249654,-0.6456980612093767,-1.4582177560033198,0.33667035196530715,0.4504788847810738,1.4989518196882985
Hippocampus kuda,Common seahorse,Syngnathidae,marine,3,3,1,2,7.5,"SEX-ROLE REVERSED: male brood, courtship dance",25,27.18014531596985,2.4020188968881016,0.3131952589831344,0.6039215686274509,0.1013950812598878,5.0,36.687054954795,0.2502832326283988,1.896917283058701,0.868,0.7440805647949726,3.0527499109046645,0.489612577203818,-0.4114251428820785,1.8466255287661535,0.6195276509671107,0.8938975915792013,2.1147481196776727
Cirrhilabrus rubriventralis,Longfin fairy wrasse,Labridae,marine,1,3,3,2,7.5,male nuptial display,17,62.023856785054015,3.0106222485931786,0.58140681883152,0.8588235294117647,0.4310556824170033,5.0,24.96935096142216,0.1304951732759219,3.814117724167958,0.5094339622641509,0.8809776833156217,2.4201896526755378,0.4371865676379102,0.7061019549574032,-1.3193389953637173,0.8048236553188713,1.3821221643702237,2.8105366265039917
Cirrhilabrus solorensis,Solor fairy wrasse,Labridae,marine,1,3,3,2,7.5,male nuptial flashing,25,66.10790404652457,3.8989206320521896,0.4610209709889749,0.7803921568627451,0.2724835264712565,6.0,27.268051684666247,0.1309133169264424,3.2728864652708936,0.4819277108433735,0.8921151899898795,2.2247849199591005,0.5412149173394848,0.8870157110371059,-1.6625053919845447,1.2881811198195396,0.9860399752967084,2.4624257217072882
Aphyosemion australe,Lyretail killifish,Nothobranchiidae,freshwater,2,2,2,3,7.5,male display,14,46.270943858852846,2.1745757565976165,0.4224480274013727,0.6058823529411764,0.1037778919107163,5.0,33.368386587168914,0.2197893460387215,3.9557060355104303,0.561970613656007,0.7441101690154832,3.9408533754899184,0.3661590461123103,-0.2279309832588514,1.5754186653911213,0.5856239880722149,1.4724072976230147,2.835210614578555
Nothobranchius furzeri,Turquoise killifish,Nothobranchiidae,freshwater,2,2,2,3,7.5,male display,7,18.101174407708577,2.3801129288865717,0.1385655435883273,0.196078431372549,0.0,2.0,20.958456923290353,0.1115131578947368,3.1498970480179667,0.4354066985645933,0.9086809870406533,2.184081890808816,0.6464225752292393,-1.7309176980839667,-2.0316406328582497,1.9939157799212164,0.675221752824215,3.709666367116024
Hippocampus reidi,Longsnout seahorse,Syngnathidae,marine,3,3,1,2,7.5,"male brood, courtship",25,43.38406546601962,1.9601641803608816,0.4415403209340136,0.7490196078431373,0.2514067654097406,5.0,41.4452924761292,0.1940120373054168,1.536269137291915,1.1022222222222222,0.7010863093269116,3.816627800079311,0.487066052710157,-0.06045214012427724,3.5232093982191177,0.7807253771607625,1.438526552716711,2.5970832147554703
Nimbochromis venustus,Venustus,Cichlidae,freshwater,3,2,2,2,7.5,mouthbrooder,16,53.53765889313886,2.6787843210435267,0.3830896406920399,0.6137254901960785,0.1182387179430135,5.5,46.35742414423795,0.2473101736615741,2.6395750855768005,0.4534471218206158,0.8571865708685978,2.3672404331593135,0.5666627922246186,0.03938347996587005,-1.1906469100361996,0.8705282368225842,0.5235569347879773,1.8261489298749418
Hippocampus erectus,Lined seahorse,Syngnathidae,marine,3,3,1,2,7.5,"male brood, courtship dance",25,36.6830086972967,2.3236068725933996,0.3621676364798482,0.5725490196078431,0.0730841192867234,5.0,40.21563581819984,0.2492347648641127,1.6114696200528662,0.8658536585365854,0.6789381629429023,4.4341212937663945,0.4778246390198843,-0.36447238873825677,3.5626437547700256,0.4941182999459956,1.4157585839286997,2.1711432667794375
Tropheus moorii,Blunthead cichlid,Cichlidae,freshwater,3,2,2,2,7.5,"mouthbrooder, male display",25,23.60014702560503,2.6161481929725117,0.2474356290558928,0.4392156862745098,0.0134868421052631,4.0,29.789917305915335,0.131607868996593,2.5290939647730677,0.5904761904761905,0.8888310335850039,2.1287311520698,0.5288783482142857,-0.8652874163457723,-1.3861856800647478,0.8974851351299046,0.6286364298166761,1.6979469504181561
Poecilia latipinna,Sailfin molly,Poeciliidae,freshwater,3,2,3,2,8.33,"livebearer, male sail display",25,33.34292867536679,1.8602075841656132,0.3170597743709065,0.5058823529411764,0.0541256366723259,5.0,34.586474225925215,0.2849360836722835,2.0858440586996925,0.565359477124183,0.8492634964728243,2.4753339392815716,0.5259167043911273,-0.6278855851844212,-0.7164207160509706,0.33193944975222517,0.5284602923959841,2.153057167723166
Labeotropheus fuelleborni,Fuelleborni mbuna,Cichlidae,freshwater,3,2,3,2,8.33,male display,25,37.01630602110214,2.2555341186403286,0.2966180423782416,0.4274509803921568,0.0078089113458888,4.0,26.63517735497095,0.120183431600262,2.6475219193546056,0.4933333333333333,0.8717260431054703,2.4257295329369173,0.5855362089434112,-0.834796153171971,-1.2376207074682246,0.8046522337439598,0.43222791450052495,1.5872663806129785
Melanochromis auratus,Auratus cichlid,Cichlidae,freshwater,3,2,3,2,8.33,strongly dichromatic,25,45.2404790011648,2.976384199177831,0.3690081064434111,0.6901960784313725,0.1582570236092942,6.0,53.341381565558784,0.2249516153044514,3.009709964384924,0.4960835509138381,0.8137515916194004,3.20546175036988,0.5399560117302052,0.25033447579371265,0.020735617414002705,0.7326636131432332,0.7354525513353075,1.643381222134569
Labidochromis caeruleus,Yellow lab,Cichlidae,freshwater,3,2,3,2,8.33,"male display, mouthbrooder",5,91.83784874854018,1.4780296966629285,0.6735809209848563,0.9098039215686274,0.6644389729159339,5.0,31.881861132697185,0.0910996760053363,2.9070357549111026,0.4134615384615384,0.908055498032719,2.4517843497859495,0.5957880434782609,0.7944539843933188,-1.9151358624594872,1.4375298167051296,0.7226902690110889,2.46946495821141
Maylandia zebra,Zebra mbuna,Cichlidae,freshwater,3,2,3,2,8.33,"male territory display, mouthbrooder",17,46.83452074375396,2.918521590735849,0.325374712162445,0.5098039215686274,0.0507451879563144,6.0,46.71461957920948,0.1945269215464201,2.867066394458765,0.5302197802197802,0.8707467962881131,2.8875129696267994,0.5404535204209471,-0.029103199598057294,-0.8360635163872846,0.7190611035523863,0.5924674310252386,1.6088611051611472
Paracheilinus filamentosus,Filamented flasher wrasse,Labridae,marine,1,3,3,3,8.33,male nuptial flashing,25,68.4090986487449,2.9973579577282976,0.3286935805446608,0.5764705882352941,0.058026288905537,5.0,24.943370902034513,0.1127921535893155,2.883999686191528,0.5201465201465202,0.8155523944997629,2.811953652274832,0.4864123334204338,-0.013378678318628087,-0.1842559570698277,0.8213742243548822,0.7310469582737924,1.9451737004604233
Gasterosteus aculeatus,Three-spined stickleback,Gasterosteidae,temperate-fw,2,3,2,3,8.33,"essay ex; red belly, nest, dance",25,32.796471235989856,1.7636002729067857,0.3667821586891621,0.5019607843137255,0.0677212450320702,5.0,43.80054095853225,0.139894350620625,2.7277042070394035,0.5582010582010583,0.8459957821878549,2.644302114764279,0.569920440636475,-0.6001892595231751,-0.5870006000653022,0.3919602725162399,0.4899940879016417,1.6035645716743852
Synchiropus picturatus,Psychedelic mandarin,Callionymidae,marine,1,3,3,3,8.33,elaborate courtship rise,25,49.81221897070373,3.632881571567289,0.4418951190914285,0.7019607843137254,0.1836945304437564,5.0,35.50837132178608,0.2073204708504562,2.110327360995705,0.7015503875968992,0.8014516129032258,2.68061817564032,0.5156433978132885,0.34247595976165357,0.409123375830973,0.563772164945507,0.5532464251420772,1.8872901353724216
Betta splendens,Siamese fighting fish,Osphronemidae,freshwater,2,3,3,2,8.33,bubble nest + flaring display,25,49.30683584013599,3.048065894188143,0.5501591804254575,0.8901960784313725,0.4324784868365,4.0,42.9833293917236,0.2102838121934127,1.8539164799740784,0.6579804560260586,0.7298151061141339,3.729613217994341,0.5173943732983766,0.4104897712193245,1.8906667702833824,1.5119940202303777,0.8505865087513851,2.65539523287014
Paracheilinus carpenteri,Carpenter's flasher wrasse,Labridae,marine,1,3,3,3,8.33,males flash intensified nuptial colours,25,83.1344891938806,3.2767916064743585,0.453469915422903,0.6941176470588235,0.2188844559180161,6.0,36.54073859533136,0.1810225062517366,2.029704927935966,0.5985663082437276,0.8229937393284007,2.7560810403675995,0.5242640874684609,0.7161442644737779,-0.10531221304752082,1.387950859898434,0.5713919898225058,2.235951434045199
Synchiropus splendidus,Mandarinfish,Callionymidae,marine,1,3,3,3,8.33,"spectacular dusk courtship, female picks",25,81.01612755017518,3.64289062269798,0.602943843222591,0.9333333333333332,0.5034958302747325,5.0,38.48301332154046,0.1987027521390149,1.5339770954947844,0.7586206896551724,0.7810776460162545,3.146197832034233,0.5786450253197905,1.1381147896505672,1.1227973146855268,0.9711995476651673,0.7710398333677089,2.5183606398303935
Xiphophorus hellerii,Green swordtail,Poeciliidae,freshwater,3,2,3,3,9.17,female choice on sword length,25,47.64603508887427,3.030991609985856,0.287821130659582,0.5882352941176471,0.0931744970522093,5.0,45.49903260507231,0.1863036058762427,2.5265242798779544,0.5027777777777778,0.8254137027330588,3.561342237317407,0.5615266635205286,-0.15185228311380514,0.10810040437885404,0.588824041202931,0.8813349735997518,1.8504955045354738
Poecilia reticulata,Guppy,Poeciliidae,freshwater,3,3,3,3,10.0,THE model of female mate choice,25,33.359276142129524,2.168893605346918,0.2399458469481197,0.4235294117647059,0.0191839573432247,5.0,37.123629890651905,0.0621585138522851,1.7979939822330946,0.8833333333333333,0.891008547008547,1.9544999066678512,0.6916296296296296,-0.7203643625016483,-0.7327934673074834,0.5686260028769383,0.9977498445788786,2.3868020270804573
Astatotilapia burtoni,Burton's mouthbrooder,Cichlidae,freshwater,3,3,3,3,10.0,classic sexual-selection model,20,24.82182112938993,2.3747447984506245,0.2411517228881986,0.4470588235294117,0.0108499239119981,6.0,39.9395382526697,0.2107785624546745,3.186247580669729,0.349362225806988,0.8840312534176357,2.707100921996285,0.6178897767374,-0.49028459886564907,-1.612347208557897,0.9897111623370789,0.7635427490178608,2.1700904356904376
Sciaenochromis fryeri,Electric blue ahli,Cichlidae,freshwater,3,3,3,3,10.0,male display,1,68.97738827657167,2.174615122231149,0.6202781180754993,0.8117647058823529,0.6274325708432912,5.0,35.52061288652306,0.2458603618982588,3.98084448934604,0.3450292397660818,0.9102903416946474,2.5974071370179943,0.5710179403310536,0.6616003866166137,-2.0382561759635163,0.9446334279873163,1.4188780179989922,3.1943007367292986
Copadichromis borleyi,Redfin hap,Cichlidae,freshwater,3,3,3,3,10.0,lek-like display,12,43.059581777945866,2.537686220905919,0.3408962749927417,0.5823529411764705,0.0733971491575803,4.0,26.351344613729644,0.1017963446802247,3.097387029270778,0.3845687937165409,0.900766281464494,2.2640061718187376,0.6529422333874009,-0.4941673933966402,-2.0147942830184995,0.8493961279195326,0.6002795983905653,2.2520945519323643
Poecilia wingei,Endler's livebearer,Poeciliidae,freshwater,3,3,3,3,10.0,"strong female choice, male display",9,24.315012495886123,2.0273688099943534,0.2605076591181269,0.3607843137254902,0.0,4.0,29.25346911411246,0.2692160611854684,2.139223350538895,0.6774193548387096,0.7424538848518726,3.24066234500724,0.4412692847124824,-1.0814058020752306,1.4708282165676705,0.9729200058759435,0.8862608351207385,2.674579801987641
Aulonocara stuartgranti,Peacock cichlid,Cichlidae,freshwater,3,3,3,3,10.0,"lek-like male display, female choice",18,34.42514699172571,3.2322848885947693,0.2615254066594557,0.4274509803921569,0.0073314367919227,5.0,30.38821714117413,0.211917901470047,2.601246407054554,0.5519354211242948,0.8448999218987114,2.9761441142781453,0.5195893867167974,-0.4118870228099654,-0.3818060893852117,0.6881146838595215,0.5671346386605943,2.119299530036399
