scientific,common,family,habitat,c_fert,c_court,c_system,c_choice,mate_choice_index,note,n_images,colorfulness,hue_entropy,saturation,sat_p90,high_chroma_frac,n_color_clusters,contrast,edge_density,aspect_ratio,body_depth,solidity,silhouette_cplx,extent
Sardinella longiceps,Indian oil sardine,Clupeidae,marine,0,0,0,0,0.0,"pelagic mass spawn, silver",19,26.4480720046925,2.8994785239114065,0.1630635815970224,0.3568627450980392,0.011205887272119084,5.0,53.08807410819311,0.27310465796141103,3.8920689151621555,0.7936507936507936,0.9019380294766159,2.925929440487802,0.5520578923563998
Katsuwonus pelamis,Skipjack tuna,Scombridae,marine,0,0,0,0,0.0,pelagic broadcast,25,22.3082210633081,2.8206029612563186,0.17106326423924495,0.34901960784313724,0.004283815057363731,6.0,51.40642862318065,0.210206258083547,2.0059642952448984,0.8009708737864077,0.8413409710625885,2.862204350750931,0.634146942800789
Lutjanus campechanus,Red snapper,Lutjanidae,marine,0,0,0,0,0.0,aggregation spawn,25,51.005745890290285,1.908865589442072,0.348242543738698,0.6,0.09866940419315355,5.0,47.3847889453989,0.21643903039251877,1.6000860194745221,1.2660944206008584,0.8280258060082297,3.0065281977222518,0.6138486354294039
Epinephelus striatus,Nassau grouper,Serranidae,marine,0,1,0,0,0.83,huge spawning aggregations,25,41.67945599394739,1.8888681717142264,0.3556536711618804,0.5568627450980392,0.06407079646017699,5.0,36.529695407671575,0.12485958211637835,1.809084342957098,0.6830065359477124,0.856903285090742,2.459860668842836,0.5916083916083916
Acanthurus coeruleus,Atlantic blue tang,Acanthuridae,marine,0,0,0,1,0.83,group spawn,25,63.083175646290115,1.5725710411062856,0.6502742803606084,0.9176470588235294,0.6951691117795101,4.0,20.56628418016114,0.05094353033156829,1.575974850222654,0.729957805907173,0.8820647164410809,2.1556521909446875,0.5998748435544431
Paracanthurus hepatus,Blue tang,Acanthuridae,marine,0,1,0,1,1.67,"TRAP: brilliant blue, aggregation spawner",25,89.50845792277696,1.9470904172546168,0.7443659616077402,0.8666666666666667,0.8017277930888277,4.0,44.58797766663674,0.10695526172794784,2.0521593248877226,0.5192307692307693,0.9058919577129573,2.0112858453372757,0.6283224574247971
Zebrasoma flavescens,Yellow tang,Acanthuridae,marine,0,1,0,1,1.67,"TRAP: vivid yellow, aggregation spawner",25,81.13853368639565,1.341965379531691,0.8642831471530921,0.9372549019607843,0.9449402347341662,4.0,24.871046828719386,0.047250301400352406,1.7818873860413234,0.7569060773480663,0.8723739151345561,1.9798653667296784,0.5534956650064564
Mulloidichthys vanicolensis,Yellowfin goatfish,Mullidae,marine,0,0,0,1,0.83,group spawn,25,59.2417048370144,3.2291983789209753,0.4442170252015829,0.6705882352941176,0.17884885353299018,5.0,31.047331911484125,0.12012807772993264,2.6020431131654407,0.5625,0.6501668354882917,4.440188608880095,0.42882421800560805
Paracheirodon axelrodi,Cardinal tetra,Characidae,freshwater,1,1,0,1,2.5,"TRAP: neon but egg-scatterer, low choice",13,65.9771327330725,3.0006712802290445,0.4980242326171426,0.8196078431372549,0.39395483104092377,5.0,44.81528012252338,0.22259026167605167,3.5306427220814225,0.42857142857142855,0.7356186685962374,3.8972027880400493,0.4602040816326531
Paracheirodon innesi,Neon tetra,Characidae,freshwater,1,1,0,1,2.5,TRAP: neon egg-scatterer,1,40.50639392377801,3.9899217030879943,0.3960546858767727,0.8627450980392157,0.22040569179533756,6.0,63.83144561696596,0.24432334241598547,6.794596910597557,0.24,0.8374831763122477,3.265471014047678,0.5185416666666667
Danio rerio,Zebrafish,Cyprinidae,freshwater,1,1,0,1,2.5,"scatter spawner, some chasing",25,32.169589346482766,2.0296410415452657,0.3922309398756998,0.5137254901960784,0.038752310018480146,5.0,29.236660454794748,0.1695291679005034,2.6039554698269733,0.5338345864661654,0.8541335011661916,2.8317097126052064,0.5572572572572573
Puntigrus tetrazona,Tiger barb,Cyprinidae,freshwater,1,1,0,1,2.5,egg scatterer,25,33.5900427734356,1.9794477103942176,0.2423508451841482,0.47058823529411764,0.01915306431228751,5.0,43.351517751327094,0.1747220997992263,1.9879548716634938,0.6090909090909091,0.8650220016852355,2.033481653455307,0.6928054790165324
Trigonostigma heteromorpha,Harlequin rasbora,Cyprinidae,freshwater,1,1,0,1,2.5,plant spawner,25,35.24501926963284,1.8187450045912326,0.31392151899990567,0.48666666666667524,0.042152466367713005,5.0,31.7425374008403,0.1336367397600331,2.9350722131477154,0.4672131147540984,0.7135739738682856,4.217623876048654,0.447331583552056
Zanclus cornutus,Moorish idol,Zanclidae,marine,1,1,1,1,3.33,pelagic pair spawn,25,57.84167672965964,2.9945025911681613,0.34455985750251916,0.6509803921568628,0.14438019515720998,5.0,60.56815898110013,0.13497715667831228,1.8474151000900523,0.8173913043478261,0.6471579454157013,4.2541377913283105,0.3970467596390484
Pterois volitans,Red lionfish,Scorpaenidae,marine,1,1,2,1,4.17,"TRAP: striking = aposematic warning, not display",25,35.46218802801684,3.0638134426491908,0.34325195217453147,0.5372549019607843,0.06353647717191019,5.0,45.24112361665378,0.29556670505017274,1.3306475575010812,0.8759124087591241,0.6906633752806175,5.869808603691428,0.49740166204986147
Chaetodon auriga,Threadfin butterflyfish,Chaetodontidae,marine,1,1,1,2,4.17,long-term monogamous pairs,25,85.51554004554697,2.178322199292896,0.411978380527212,0.9294117647058824,0.3458460318640204,5.0,40.548458316140696,0.13398333791083036,1.5803173837050932,0.7658227848101266,0.9296194679708935,1.8235084942855486,0.6549503478622822
Chaetodon lunula,Raccoon butterflyfish,Chaetodontidae,marine,1,1,1,2,4.17,monogamous pairs,25,74.73872640352184,2.67802087312319,0.6225990596315151,0.8980392156862745,0.5690231249450453,5.0,48.62551566912362,0.1281123490846559,1.4871836022605311,0.7660377358490567,0.9598200434377909,1.5072119004609403,0.699364361129067
Amphiprion ocellaris,Clown anemonefish,Pomacentridae,marine,2,1,1,1,4.17,monogamous; orange partly symbiotic,25,73.6119965068925,2.174810613500735,0.42206534528011586,0.792156862745098,0.25924518055932666,5.0,44.046391140132876,0.08444883104065141,1.4824466588364402,0.8061674008810573,0.8193613152511554,2.6853696300345833,0.5891109683757132
Amphiprion percula,Orange clownfish,Pomacentridae,marine,2,1,1,1,4.17,monogamous pair,25,53.76091096935251,2.6980847542518047,0.4350435494572199,0.7372549019607844,0.2088780407082575,5.0,43.08501901618144,0.15096104779724442,1.5219270140834162,0.7382198952879581,0.8219109821857593,2.624961276214397,0.5736090130916415
Chromis viridis,Blue-green chromis,Pomacentridae,marine,2,1,0,2,4.17,"male nest, females choose",25,48.125205560375704,2.6844363241179194,0.4266228675804397,0.7058823529411765,0.16891429688263462,5.0,37.92310876717496,0.18032735580383688,2.109875900880793,0.5665529010238908,0.8335683769546642,2.9724659878307524,0.5692807364707907
Dascyllus aruanus,Humbug dascyllus,Pomacentridae,marine,2,1,1,2,5.0,nest-tending damselfish,25,29.70886941336547,2.1440097770856914,0.3884629405421833,0.6470588235294118,0.13932244404113733,5.0,56.7659840742931,0.10545419810870188,1.4830741477000908,0.8299595141700404,0.8444324454043677,2.23314584801256,0.6093181458629964
Chrysiptera cyanea,Sapphire devil,Pomacentridae,marine,2,1,1,2,5.0,"male nest, female choice",25,102.80010968311643,1.4043400527381922,0.7759030218626347,0.9921568627450981,0.8601961277344732,5.0,21.95343005400353,0.07547169811320754,2.2410582070677796,0.5782312925170068,0.8836714199638481,2.461954544294322,0.5612203495630462
Elacatinus oceanops,Neon goby,Gobiidae,marine,2,1,1,1,4.17,"pair, male tends eggs",25,64.65661181825126,2.3237262997065673,0.5213747762462159,0.7490196078431373,0.3581813701330705,5.0,40.86805585696978,0.1642434696895022,3.3757029048559053,1.0168539325842696,0.8706495297565461,3.0919302507538373,0.5265432098765432
Ecsenius bicolor,Bicolor blenny,Blenniidae,marine,2,1,2,2,5.83,"male nest, female choice",25,42.38632126993499,3.4438025884260584,0.3811575395013106,0.615686274509804,0.12209588437928981,5.0,42.19018100095709,0.1383116323187031,1.6242325028640336,0.7207792207792207,0.8309320013052537,2.694895678980841,0.585464358831193
Pterapogon kauderni,Banggai cardinalfish,Apogonidae,marine,3,1,1,2,5.83,"paternal mouthbrooder, pair",25,38.012056649612354,3.638438415185979,0.3835304417558406,0.7254901960784313,0.2207601444396842,6.0,53.49461209713197,0.23941145559642668,1.683565403171906,0.8225806451612904,0.5857797261353561,6.089015347205873,0.3512676886792453
Balistoides conspicillum,Clown triggerfish,Balistidae,marine,2,1,2,1,5.0,"TRAP: bold pattern, haremic nester",25,42.86857315250904,2.978355889334152,0.39183450794712726,0.8,0.27596221902228296,5.0,61.63542428616445,0.14588109202417457,1.8874452263361072,0.5868263473053892,0.9041953523605819,2.064390980208588,0.6545645161290322
Rhinecanthus aculeatus,Picasso triggerfish,Balistidae,marine,2,1,2,1,5.0,"nest, haremic",25,43.29846867675876,3.0671265857682815,0.23165211129526825,0.42745098039215684,0.031972204871955026,5.0,47.09038921815684,0.10337277555203578,2.1142208657742,0.5617283950617284,0.8653504378453485,2.286757973185892,0.5529509854842678
Ostracion cubicus,Yellow boxfish,Ostraciidae,marine,1,2,2,2,5.83,"haremic, male display",25,59.049153906033666,2.7824975657601816,0.46524865624380835,0.7647058823529411,0.25590989153610827,5.0,38.58740953085685,0.13793930095411613,1.6898524601384761,0.7137809187279152,0.8796237581906574,1.9592258476283733,0.6450169138693729
Oxycirrhites typus,Longnose hawkfish,Cirrhitidae,marine,1,1,2,1,4.17,haremic,25,78.40947069993487,2.623121579855873,0.4920101698030366,0.8862745098039215,0.33138701085843064,6.0,37.68973624240764,0.2532428537112659,2.36503845158561,0.6120689655172413,0.7898765581507927,3.872890606797663,0.4534870250231696
Pomacanthus imperator,Emperor angelfish,Pomacanthidae,marine,1,2,2,2,5.83,haremic male display at dusk,25,70.16395369474981,2.9926696058040068,0.5674739747535275,0.9215686274509803,0.43427011726647796,5.0,54.30037682674684,0.2030637089138374,1.5751358156042254,0.6716981132075471,0.9476664958055684,1.767403939459326,0.6889287612971824
Centropyge bicolor,Bicolor angelfish,Pomacanthidae,marine,1,2,2,2,5.83,"haremic, protogynous",25,132.29894143680062,2.364183037589772,0.7989103909623031,0.9803921568627451,0.8889964504678929,5.0,63.300000007703396,0.07482525958547129,1.8273167807518662,0.5960264900662252,0.9091219881980469,2.105894536550483,0.6351772894002571
Thalassoma bifasciatum,Bluehead wrasse,Labridae,marine,1,2,3,2,6.67,"terminal males defend, females choose",25,50.5572426728515,3.063639855719771,0.3922417761845425,0.5843137254901961,0.08018018018018018,5.0,39.87028001913992,0.13494004653105052,3.2841335113493235,0.6,0.8406009768063252,2.5391105580923132,0.51848005845929
Labroides dimidiatus,Cleaner wrasse,Labridae,marine,1,1,2,1,4.17,"haremic, protogynous",25,47.93996603716209,2.6714873099246326,0.353231357355321,0.6392156862745098,0.1320881065697271,5.0,52.03612427036907,0.19233459924045573,2.332837391391109,0.6526946107784432,0.8557869203998172,2.5635619533383163,0.5326461413264614
Scarus quoyi,Quoy's parrotfish,Scaridae,marine,1,2,2,2,5.83,"harem, terminal-male display",25,51.513427552964444,3.379642560181731,0.41654513226190004,0.7098039215686275,0.17071376011773362,5.0,27.254904432600306,0.06766540032972547,2.550244883129684,0.5668789808917197,0.8424216630313348,2.5870502329697076,0.5204574742268041
Pseudanthias squamipinnis,Sea goldie (anthias),Serranidae,marine,1,2,3,2,6.67,"haremic, protogynous, male courts",25,65.8925653640809,2.9733753129569886,0.48257439743923064,0.6823529411764706,0.2894051237516283,5.0,34.56178309272835,0.11975291309841359,1.7239667517607358,0.7491289198606271,0.7783702992951249,3.7138622828741124,0.5783783783783784
Cyphotilapia frontosa,Frontosa cichlid,Cichlidae,freshwater,3,1,2,1,5.83,polygynous mouthbrooder,21,37.91182140974641,2.659482846753826,0.3462130398639425,0.5843137254901961,0.08845731379560168,5.0,40.839332539898585,0.2095003785011355,2.19276751878575,0.6761363636363636,0.8838572189664358,2.542184651691111,0.6210691823899371
Symphysodon aequifasciatus,Discus,Cichlidae,freshwater,2,2,1,2,5.83,"monogamous biparental, mutual choice",3,28.463749286921868,2.748596764770107,0.2164746709172346,0.403921568627451,0.01036426603301398,5.0,39.45649144374463,0.2077854906764666,1.0841673029105598,0.9367088607594937,0.9623061040817407,1.5355210231551775,0.7291957603752641
Pterophyllum scalare,Freshwater angelfish,Cichlidae,freshwater,2,1,1,2,5.0,monogamous pair,25,25.422461902029756,1.686622291506874,0.23663596463308542,0.42745098039215684,0.022211538461538463,5.0,41.900332680978316,0.13397607712925552,1.539820274130905,0.875,0.7609389458576473,3.27322328130119,0.4971881390593047
Apistogramma cacatuoides,Cockatoo dwarf cichlid,Cichlidae,freshwater,2,2,2,2,6.67,"harem, male display",2,42.73270143655472,1.3589474457722996,0.592235663490018,0.7470588235294118,0.48045090102762034,5.0,36.83195310908981,0.20295652839173453,3.2778053604504636,0.5830147888206543,0.8707493580105734,2.863819576423512,0.47847349309866155
Neolamprologus brichardi,Fairy cichlid,Cichlidae,freshwater,2,1,1,1,4.17,monogamous cooperative,2,37.15206704043771,3.0348038469018936,0.3936530878268183,0.5450980392156862,0.059169418094930704,4.0,25.03818744135255,0.1278829171987831,2.657320644488885,0.45424234986090656,0.6477237777796399,5.005406028335098,0.4058557754933293
Tropheus moorii,Blunthead cichlid,Cichlidae,freshwater,3,2,2,2,7.5,"mouthbrooder, male display",25,23.60014702560503,2.6161481929725117,0.2474356290558928,0.4392156862745098,0.013486842105263158,4.0,29.789917305915335,0.13160786899659302,2.5290939647730677,0.5904761904761905,0.8888310335850039,2.1287311520698,0.5288783482142857
Maylandia zebra,Zebra mbuna,Cichlidae,freshwater,3,2,3,2,8.33,"male territory display, mouthbrooder",17,46.83452074375396,2.918521590735849,0.325374712162445,0.5098039215686274,0.05074518795631449,6.0,46.71461957920948,0.19452692154642015,2.867066394458765,0.5302197802197802,0.8707467962881131,2.8875129696267994,0.5404535204209471
Aulonocara stuartgranti,Peacock cichlid,Cichlidae,freshwater,3,3,3,3,10.0,"lek-like male display, female choice",18,34.42514699172571,3.2322848885947693,0.2615254066594557,0.4274509803921569,0.007331436791922734,5.0,30.38821714117413,0.21191790147004702,2.601246407054554,0.5519354211242948,0.8448999218987114,2.9761441142781453,0.5195893867167974
Trichogaster lalius,Dwarf gourami,Osphronemidae,freshwater,2,2,2,2,6.67,"bubble nest, courts",25,33.50330913876806,2.6342401818406085,0.3491097462960435,0.5764705882352941,0.07520494972931167,6.0,38.905552891992826,0.24770824042416134,2.247788432339147,0.5793650793650794,0.9308091266599541,2.2779568541246715,0.6519453906748989
Trichopodus trichopterus,Three-spot gourami,Osphronemidae,freshwater,2,1,2,1,5.0,bubble nest,25,33.19895388096204,2.5958638411557167,0.2788898286983639,0.5019607843137255,0.05045751633986928,5.0,36.15476679291942,0.2037655267827604,2.4565943488404556,0.43661971830985913,0.9107340173638516,2.267622528659267,0.6383228618327956
Macropodus opercularis,Paradise fish,Osphronemidae,freshwater,2,2,2,2,6.67,"bubble nest, display",25,37.281496276958606,2.6626594386675637,0.3927857598764523,0.6235294117647059,0.12117763107974809,5.0,28.169528851479388,0.13357493730892103,2.753204625586275,0.6402640264026402,0.8781959714308643,2.4547621931724906,0.571516603902773
Betta splendens,Siamese fighting fish,Osphronemidae,freshwater,2,3,3,2,8.33,bubble nest + flaring display,25,49.30683584013599,3.048065894188143,0.5501591804254575,0.8901960784313725,0.4324784868365,4.0,42.9833293917236,0.21028381219341274,1.8539164799740786,0.6579804560260586,0.7298151061141339,3.729613217994341,0.5173943732983766
Gasterosteus aculeatus,Three-spined stickleback,Gasterosteidae,temperate-fw,2,3,2,3,8.33,"essay ex; red belly, nest, dance",25,32.796471235989856,1.7636002729067857,0.3667821586891621,0.5019607843137255,0.06772124503207021,5.0,43.80054095853225,0.13989435062062505,2.7277042070394035,0.5582010582010583,0.8459957821878549,2.644302114764279,0.569920440636475
Poecilia latipinna,Sailfin molly,Poeciliidae,freshwater,3,2,3,2,8.33,"livebearer, male sail display",25,33.34292867536679,1.8602075841656132,0.3170597743709065,0.5058823529411764,0.05412563667232598,5.0,34.586474225925215,0.28493608367228357,2.0858440586996925,0.565359477124183,0.8492634964728243,2.4753339392815716,0.5259167043911273
Xiphophorus maculatus,Southern platyfish,Poeciliidae,freshwater,3,1,2,2,6.67,"livebearer, female choice",25,35.13492457420769,1.722364504139284,0.3317982456140351,0.49019607843137253,0.06207115628970775,5.0,34.87116194646973,0.139950961612137,2.598065111952273,0.4778761061946903,0.8830452553306741,2.3779722772530567,0.587928899249654
Xiphophorus hellerii,Green swordtail,Poeciliidae,freshwater,3,2,3,3,9.17,female choice on sword length,25,47.64603508887427,3.030991609985856,0.287821130659582,0.5882352941176471,0.09317449705220933,5.0,45.49903260507231,0.18630360587624276,2.5265242798779544,0.5027777777777778,0.8254137027330588,3.561342237317407,0.5615266635205286
Poecilia reticulata,Guppy,Poeciliidae,freshwater,3,3,3,3,10.0,THE model of female mate choice,25,33.359276142129524,2.168893605346918,0.23994584694811974,0.4235294117647059,0.01918395734322476,5.0,37.123629890651905,0.062158513852285144,1.7979939822330946,0.8833333333333333,0.891008547008547,1.9544999066678512,0.6916296296296296
Poecilia wingei,Endler's livebearer,Poeciliidae,freshwater,3,3,3,3,10.0,"strong female choice, male display",9,24.315012495886123,2.0273688099943534,0.26050765911812696,0.3607843137254902,0.0,4.0,29.25346911411246,0.2692160611854684,2.139223350538895,0.6774193548387096,0.7424538848518726,3.24066234500724,0.44126928471248245
Cirrhilabrus solorensis,Solor fairy wrasse,Labridae,marine,1,3,3,2,7.5,male nuptial flashing,25,66.10790404652457,3.8989206320521896,0.46102097098897493,0.7803921568627451,0.2724835264712565,6.0,27.268051684666247,0.13091331692644245,3.2728864652708936,0.4819277108433735,0.8921151899898795,2.2247849199591005,0.5412149173394848
Paracheilinus carpenteri,Carpenter's flasher wrasse,Labridae,marine,1,3,3,3,8.33,males flash intensified nuptial colours,25,83.1344891938806,3.2767916064743585,0.45346991542290305,0.6941176470588235,0.2188844559180161,6.0,36.54073859533136,0.1810225062517366,2.029704927935966,0.5985663082437276,0.8229937393284007,2.7560810403675995,0.5242640874684609
Synchiropus splendidus,Mandarinfish,Callionymidae,marine,1,3,3,3,8.33,"spectacular dusk courtship, female picks",25,81.01612755017518,3.6428906226979803,0.602943843222591,0.9333333333333333,0.5034958302747325,5.0,38.48301332154046,0.19870275213901492,1.5339770954947844,0.7586206896551724,0.7810776460162545,3.146197832034233,0.5786450253197905
Synchiropus picturatus,Psychedelic mandarin,Callionymidae,marine,1,3,3,3,8.33,elaborate courtship rise,25,49.81221897070373,3.632881571567289,0.44189511909142853,0.7019607843137254,0.18369453044375644,5.0,35.50837132178608,0.2073204708504562,2.110327360995705,0.7015503875968992,0.8014516129032258,2.68061817564032,0.5156433978132885
Hippocampus kuda,Common seahorse,Syngnathidae,marine,3,3,1,2,7.5,"SEX-ROLE REVERSED: male brood, courtship dance",25,27.18014531596985,2.4020188968881016,0.3131952589831344,0.6039215686274509,0.10139508125988782,5.0,36.687054954795,0.2502832326283988,1.896917283058701,0.868,0.7440805647949726,3.0527499109046645,0.48961257720381807
Rastrelliger kanagurta,Indian mackerel,Scombridae,marine,0,0,0,0,0.0,pelagic broadcast,25,27.030037708489477,2.4553411909961467,0.21727463009743778,0.396078431372549,0.0046539437325275115,5.0,41.03931037851242,0.21180856597884515,1.9788529545986782,0.7372881355932204,0.8154160996656012,3.4936385477592284,0.5746655012438647
Selar crumenophthalmus,Bigeye scad,Carangidae,marine,0,0,0,0,0.0,pelagic broadcast,25,39.91933183926065,1.836829194864841,0.31229411414336417,0.45098039215686275,0.00488858108933882,5.0,44.49440802793245,0.14296732726298875,1.4167586616211973,0.9566929133858267,0.859705827658576,2.529250398876489,0.603523517051883
Caranx ignobilis,Giant trevally,Carangidae,marine,0,0,0,0,0.0,pelagic broadcast,25,20.416801882763263,2.426801018416453,0.12244020352680485,0.23137254901960785,0.0028311088906335497,4.0,41.90334433548694,0.16698601013149952,2.0824729262972173,0.7134328358208956,0.7104578702081807,3.8167005693722387,0.5072144364074744
Mugil cephalus,Flathead mullet,Mugilidae,marine,0,0,0,0,0.0,broadcast spawn,25,24.81226087210998,2.0401733434094362,0.13330833136467435,0.30980392156862746,0.0021025866705784556,5.0,41.0341041064967,0.1630170316301703,2.838513157236482,0.49560117302052786,0.7864124945895253,3.5790421615956776,0.5587569383581653
Chanos chanos,Milkfish,Chanidae,marine,0,0,0,0,0.0,broadcast spawn,25,22.570251472104925,2.21781844854858,0.14922668984786092,0.3137254901960784,0.00031340593904254484,6.0,50.58623689933822,0.22233212440927574,3.7936521886057806,0.6378600823045267,0.7357623264140901,4.221805820081003,0.47074468085106386
Sphyraena barracuda,Great barracuda,Sphyraenidae,marine,0,0,0,0,0.0,pelagic,25,23.527026935238595,2.570889792683683,0.22080597185059903,0.4117647058823529,0.008549848942598188,5.0,46.304402877858315,0.203896499238965,3.0146359025430067,0.5175438596491229,0.6903483946520933,4.213804955217967,0.4264059090146047
Sardinops sagax,Pacific sardine,Clupeidae,marine,0,0,0,0,0.0,broadcast,25,27.020008139490283,2.2934741497962037,0.22310279872632816,0.396078431372549,0.015857434116136826,5.0,47.18829679903637,0.19846153846153847,2.1213520744037457,0.8908450704225352,0.8513007489160426,2.913537295121884,0.5466731423020884
Lutjanus kasmira,Bluestripe snapper,Lutjanidae,marine,0,0,0,1,0.83,"TRAP: yellow, aggregation spawn",25,78.68540497594651,3.0541377015053275,0.4974395005701517,0.9098039215686274,0.35352358765288294,5.0,31.653836173852834,0.14905921964745494,2.1450492513937554,0.5282051282051282,0.7427476352895671,3.9739076295920412,0.5021877269426289
Haemulon sciurus,Bluestriped grunt,Haemulidae,marine,0,0,0,1,0.83,aggregation,25,50.47324586662357,2.3299045265109064,0.42547969223065385,0.6862745098039216,0.2,5.0,39.68282787330136,0.19885048603610553,2.284542007476199,0.5737051792828686,0.775532391123617,3.1553847459671847,0.5271444531799562
Acanthurus leucosternon,Powder blue tang,Acanthuridae,marine,0,1,0,1,1.67,"TRAP: gorgeous, aggregation spawner",25,77.7405636654905,2.064720250091383,0.5459031663984887,0.7843137254901961,0.47911327524346486,5.0,42.62765480960996,0.06659488774574311,1.9643091060589646,0.6785714285714286,0.872197818337183,2.005394148688897,0.6236095661846496
Zebrasoma xanthurum,Purple tang,Acanthuridae,marine,0,1,0,1,1.67,"TRAP: vivid, aggregation spawner",25,71.26316588574332,1.919016973266838,0.6728426885510371,0.8627450980392157,0.6627786417833074,2.0,33.61144029042397,0.03457507404875826,1.861354359393553,0.8199052132701422,0.883535369034832,2.055892587298577,0.5920121334681496
Zebrasoma veliferum,Sailfin tang,Acanthuridae,marine,0,1,0,1,1.67,aggregation spawner,25,33.48093567372453,2.9788292966933363,0.3689633708512132,0.5882352941176471,0.08621121568908134,5.0,45.75705902881467,0.12140977228515848,1.491998271856016,0.8074534161490683,0.9233816940166261,1.763967440219011,0.6500294553801775
Naso lituratus,Orangespine unicornfish,Acanthuridae,marine,0,1,0,1,1.67,group spawn,25,34.83635628633127,2.7623856769472583,0.30065236597866574,0.5333333333333333,0.07286684381458518,4.0,34.87283173955551,0.07799798454820289,1.8883024732963003,0.6135265700483091,0.8982606692391868,1.906061189102567,0.6036090225563909
Siganus vulpinus,Foxface rabbitfish,Siganidae,marine,1,1,1,1,3.33,monogamous pairs,25,93.09941904054085,1.9311776705146033,0.6846199542891089,0.8862745098039215,0.725196204755769,4.0,27.618517208774783,0.04867008211102534,2.4025757182518146,0.5525291828793775,0.8634766605320395,2.632038900840944,0.5386161355153604
Chaetodon semilarvatus,Masked butterflyfish,Chaetodontidae,marine,1,1,1,2,4.17,monogamous pairs,25,101.20867895620168,1.4765108815532584,0.8750387845975479,0.9882352941176471,0.9376680979568726,4.0,31.01124080809891,0.1272637345913864,1.4013971549732973,0.7873134328358209,0.956041531854815,1.6006915160869555,0.6966628086419753
Heniochus acuminatus,Pennant bannerfish,Chaetodontidae,marine,1,1,1,2,4.17,pairs,25,54.38266742992387,2.544368341281537,0.3594882677558298,0.7803921568627451,0.18259677971908186,5.0,60.274366017771314,0.10455278001611604,1.59999894020208,0.9866071428571429,0.7196876865554404,3.3228328639535762,0.48419862173931427
Forcipiger flavissimus,Longnose butterflyfish,Chaetodontidae,marine,1,1,1,2,4.17,pairs,25,106.17886030146748,1.31991282709608,0.836430060875122,0.996078431372549,0.8324759561619325,3.0,35.18010195307401,0.052716235147615836,1.656074471457702,0.6901408450704225,0.9169500316984612,1.8595421273103212,0.5919066740515093
Centropyge loricula,Flame angelfish,Pomacanthidae,marine,1,2,2,2,5.83,"haremic, protogynous",25,101.22611691302717,2.188529593330656,0.7671393338344782,0.984313725490196,0.8335150712672327,5.0,30.43688603021844,0.09011825472339269,1.8357173509393643,0.6987951807228916,0.9024099175320165,1.9604040067926547,0.6244043488318297
Genicanthus melanospilos,Swallowtail angelfish,Pomacanthidae,marine,1,2,2,2,5.83,"haremic, sexually dichromatic",25,38.926007519403655,3.1592461436983412,0.27800812015511894,0.5803921568627451,0.08564370024704913,6.0,39.92374305221145,0.1635843981170141,2.3311034103187445,0.5836431226765799,0.8446692577351014,2.870932468201249,0.564097209792574
Holacanthus ciliaris,Queen angelfish,Pomacanthidae,marine,1,2,2,2,5.83,haremic display,25,96.02348763054425,3.501107760404211,0.54097325140823,0.9058823529411765,0.39724085797977887,5.0,37.2903179587375,0.1408653017447762,1.378252257437657,0.746031746031746,0.8642408889400657,2.4488158340991046,0.6304624622736419
Pygoplites diacanthus,Regal angelfish,Pomacanthidae,marine,1,2,2,2,5.83,haremic,25,103.36926640227908,3.5208748469169717,0.6064455363574786,0.9647058823529412,0.5561862422101377,5.0,47.33490507537462,0.19763685444970572,1.841069701046058,0.6940298507462687,0.9372216451571593,1.8876052959003449,0.6802248677248677
Pomacanthus paru,French angelfish,Pomacanthidae,marine,1,2,1,2,5.0,monogamous pairs,25,33.26147291615426,2.7546010744245053,0.3925846307515254,0.592156862745098,0.09655540807407167,3.0,39.36368822818916,0.14097609203667086,1.2278959057796541,0.8571428571428571,0.9050980124074992,2.0963187946243758,0.6345434868162141
Holacanthus tricolor,Rock beauty,Pomacanthidae,marine,1,2,2,2,5.83,haremic,25,89.53608823590747,2.7417833578230955,0.6716265120933473,0.984313725490196,0.6176388345170851,4.0,51.868278566173586,0.06510726124210395,1.6984679878980966,0.7,0.9183601880217955,1.9097070449650642,0.6604914347724983
Coris gaimard,Yellowtail coris,Labridae,marine,1,2,2,2,5.83,"haremic, terminal-male display",25,78.03320018110401,3.856745410683309,0.5622124285514072,0.9607843137254902,0.4418031261630071,5.0,37.56220681853806,0.1266747301823595,2.697977097004396,0.5191082802547771,0.906695074222459,2.210826367986296,0.5756499095202365
Gomphosus varius,Bird wrasse,Labridae,marine,1,2,2,2,5.83,haremic display,25,38.99600469324574,2.8651348416241897,0.2964211717658245,0.5294117647058824,0.06439485811302449,5.0,57.707363376971934,0.13958333333333334,2.388681352276984,0.5509138381201044,0.7913894205936863,2.940622784957228,0.4999435028248588
Macropharyngodon meleagris,Leopard wrasse,Labridae,marine,1,2,2,2,5.83,haremic display,25,50.17175253223971,3.585299551412321,0.4015441796267457,0.6862745098039216,0.15733796037165565,5.0,39.08157867092713,0.2882164055658266,2.576922032229615,0.5175718849840255,0.8627924167318898,2.2015318542481355,0.5652601156069365
Bodianus rufus,Spanish hogfish,Labridae,marine,1,2,2,2,5.83,haremic,25,62.56015481919361,2.845475776340821,0.4520823474610224,0.7803921568627451,0.3285115383162745,5.0,29.118551878703446,0.10929870881406199,2.9782105003901145,0.5672131147540984,0.8482676483326115,2.8901654427183017,0.5981276634327681
Pseudocheilinus hexataenia,Sixline wrasse,Labridae,marine,1,1,2,1,4.17,haremic,25,40.10573787311699,3.9130199412079922,0.4283297191657966,0.6666666666666666,0.16356913496156467,5.0,28.9690702544508,0.1279208781654168,2.4022323094631637,0.6233766233766234,0.8971455401654399,2.1657016507713966,0.5653698719517168
Paracheilinus filamentosus,Filamented flasher wrasse,Labridae,marine,1,3,3,3,8.33,male nuptial flashing,25,68.4090986487449,2.9973579577282976,0.3286935805446608,0.5764705882352941,0.058026288905537016,5.0,24.943370902034513,0.11279215358931552,2.8839996861915282,0.5201465201465202,0.8155523944997629,2.811953652274832,0.4864123334204338
Cirrhilabrus rubriventralis,Longfin fairy wrasse,Labridae,marine,1,3,3,2,7.5,male nuptial display,17,62.023856785054015,3.0106222485931786,0.58140681883152,0.8588235294117647,0.4310556824170033,5.0,24.969350961422162,0.13049517327592194,3.814117724167958,0.5094339622641509,0.8809776833156217,2.4201896526755378,0.43718656763791025
Sparisoma viride,Stoplight parrotfish,Scaridae,marine,1,2,2,2,5.83,"haremic, terminal-male display",25,54.51767150305476,3.0231357243333026,0.40951413988231333,0.6588235294117647,0.14115990495467745,5.0,32.4595652116269,0.19859162928048157,2.266766959624491,0.5435897435897435,0.8491481020419539,2.4317553442920867,0.5649336201142179
Chlorurus sordidus,Bullethead parrotfish,Scaridae,marine,1,2,2,2,5.83,haremic,25,34.862357437223146,3.0361092258254,0.2835679789757504,0.47843137254901963,0.016745848816971637,5.0,26.048215102962477,0.06643356643356643,2.776790250332742,0.6153846153846154,0.8637554400642244,2.278857948229733,0.5303914835164835
Premnas biaculeatus,Maroon clownfish,Pomacentridae,marine,2,1,1,1,4.17,monogamous,25,79.34261656183443,2.3394688911099517,0.5562413103469297,0.803921568627451,0.4474565064672094,4.0,30.002305589311096,0.07334741925747057,1.4612115469441502,0.8097014925373134,0.8825192220714608,2.2596886531237557,0.6396716417910447
Amphiprion frenatus,Tomato clownfish,Pomacentridae,marine,2,1,1,1,4.17,monogamous,25,100.42048628590814,3.0402546289409296,0.6239186311228612,0.8705882352941177,0.575655790147153,5.0,43.21831083084772,0.08201316363183357,1.4635803951685658,0.8833333333333333,0.8358897834536368,2.172533249981907,0.5608837167825932
Chromis cyanea,Blue chromis,Pomacentridae,marine,2,1,0,2,4.17,"male nest, female choice",25,77.4970853372588,2.128329141176325,0.60801773851081,0.8470588235294118,0.5678542459599426,5.0,38.72842146045209,0.18384946132663413,2.4290845793708487,0.6183844011142061,0.7689794057299187,3.583021804485331,0.4566233470132239
Stegastes partitus,Bicolor damselfish,Pomacentridae,marine,2,2,1,2,5.83,male courtship sound + display,25,38.8978430070412,2.7919832676076326,0.40786141999995995,0.6392156862745098,0.1264337715393076,6.0,45.772518675630735,0.0729618025464969,1.8857562389737816,0.660958904109589,0.8096677436912992,2.808459589514765,0.5594639612356148
Gramma loreto,Royal gramma,Grammatidae,marine,2,2,2,2,6.67,"male nest, haremic",25,142.453801044175,2.934510692552502,0.7913572021810567,0.9764705882352941,0.8447135772299288,4.0,41.83940097319411,0.11180597925564369,1.9193178922664693,0.6526717557251909,0.8226260057225306,2.87888497472037,0.5078660506688408
Pseudochromis fridmani,Orchid dottyback,Pseudochromidae,marine,2,2,2,2,6.67,"male nest, courts",25,51.18881752051551,2.0831275871113677,0.6035152781720553,0.7294117647058823,0.5874245358241258,4.0,29.201246444523196,0.08077645585472762,2.0613879036537193,0.71875,0.7977953840854288,2.764293076845029,0.5005488119834711
Pictichromis paccagnellae,Royal dottyback,Pseudochromidae,marine,2,2,2,2,6.67,male nest,25,137.87598019707536,2.379333622919667,0.7456895031979859,0.9686274509803922,0.849469701668424,4.0,43.63329008586183,0.05887316952097295,3.207049116712944,0.5708955223880597,0.8225204039286208,2.537203114305235,0.4954499343597088
Pseudanthias tuka,Purple anthias,Serranidae,marine,1,2,3,2,6.67,"haremic, male display",25,64.22479475169017,3.0988005794650957,0.49403678997372147,0.6941176470588235,0.22152356172304133,5.0,31.126811057787762,0.09724629308684768,2.679529441667343,0.5909090909090909,0.7697683928770587,3.2139723373044484,0.4608241670652001
Pseudanthias dispar,Peach anthias,Serranidae,marine,1,2,3,2,6.67,"haremic, male display",25,73.68717993068024,3.590305672940698,0.5004932469908964,0.7411764705882353,0.32495362686712875,5.0,31.667866705363497,0.06264950449937351,2.8639516571779415,0.5947955390334573,0.7294877742838978,3.545454396348267,0.4313608288503686
Hypoplectrus puella,Barred hamlet,Serranidae,marine,1,2,1,2,5.0,"egg-trading hermaphrodite, colour morphs",25,45.61056894011382,3.17097822039839,0.31585966460769144,0.5725490196078431,0.08676591865966404,6.0,40.60628336120171,0.1222466960352423,1.6276162075231875,0.7077625570776256,0.7991649348916131,2.476926085193552,0.5201751330911986
Serranus tigrinus,Harlequin bass,Serranidae,marine,1,2,1,2,5.0,egg trader,25,37.3801727155283,3.263680793130438,0.2992265662052501,0.4980392156862745,0.04738154613466334,6.0,56.13977411723305,0.25060227463723456,2.842757764507686,0.4666666666666667,0.830969417277051,2.8997987971532417,0.5408583186360965
Nemateleotris magnifica,Fire goby,Microdesmidae,marine,2,2,1,2,5.83,"pairs, fin display",25,68.46778266311998,3.256571234385136,0.41220928688751574,0.8196078431372549,0.3006604766918733,6.0,50.92071951129275,0.08872263082255474,1.920821750639543,0.8888888888888888,0.6777430429564295,3.631121441126347,0.3345744254944351
Nemateleotris decora,Elegant firefish,Microdesmidae,marine,2,2,1,2,5.83,"pairs, display",25,59.0964466977119,3.6289616153872952,0.3578825532672628,0.8627450980392157,0.2687151384675604,5.0,59.03095682163192,0.09445184198845984,2.5803985282506323,0.75,0.705756376143812,3.572873496039487,0.34927503652916714
Cryptocentrus cinctus,Yellow watchman goby,Gobiidae,marine,2,1,1,1,4.17,"pair, male tends",25,49.64496231028138,2.059867322865299,0.5476380539181862,0.8274509803921568,0.4885654885654886,5.0,29.864431142614666,0.10341617130989042,1.9129256840124518,0.9043062200956937,0.7798032407407407,2.9339311438312903,0.5145445134575569
Opistognathus aurifrons,Yellowhead jawfish,Opistognathidae,marine,3,1,1,2,5.83,paternal mouthbrooder,25,50.70355987535934,2.8784241117806135,0.3130442333442863,0.5803921568627451,0.08348927594645171,4.0,37.115471179581604,0.09600231749710313,2.4121411988715638,1.4155844155844155,0.885245093204458,2.205377064554735,0.47274647887323945
Synchiropus ocellatus,Scooter dragonet,Callionymidae,marine,1,2,3,2,6.67,male courtship rise,25,28.32801579319047,3.0295276912921687,0.2740355207039914,0.4745098039215686,0.036635349013178636,6.0,49.106978042220184,0.281384088493485,1.889592984903376,0.6208333333333333,0.7943889438575213,3.1869480298600723,0.5308561546479674
Ostracion meleagris,Spotted boxfish,Ostraciidae,marine,1,2,2,2,5.83,"haremic, sexually dichromatic",25,38.07635643407241,3.446081272261293,0.47895304117652143,0.7764705882352941,0.24717124655319958,4.0,42.260971643312274,0.24102545374867618,2.276129511573453,0.54296875,0.832344124097137,2.362992368042909,0.576007141417341
Odonus niger,Redtooth triggerfish,Balistidae,marine,2,1,2,1,5.0,"nest, haremic",25,47.39392856926308,2.2614384642450456,0.4197334504705432,0.7372549019607844,0.21931505417552172,5.0,28.555201151184637,0.10022398407224375,2.008805630798124,0.6435331230283912,0.7547285595450764,3.109430355967131,0.4894707520891365
Balistapus undulatus,Orange-lined triggerfish,Balistidae,marine,2,1,2,1,5.0,"nest, haremic",25,51.730441618971966,3.1347130509829766,0.3307233332445699,0.615686274509804,0.11953206791387865,5.0,34.88912272605564,0.17915980230642503,1.9349346843812567,0.6727272727272727,0.8711905729378302,2.2509290199649166,0.5766538988981889
Canthigaster valentini,Valentini puffer,Tetraodontidae,marine,2,2,2,2,6.67,"haremic, male courts",25,38.615219467810626,3.5904923496978123,0.27426806504053286,0.5686274509803921,0.08314343782718482,6.0,54.4286356430314,0.2094653204260782,1.930497304725318,0.5741444866920152,0.8682409395125648,2.1460469333632517,0.5515448341852793
Hippocampus erectus,Lined seahorse,Syngnathidae,marine,3,3,1,2,7.5,"male brood, courtship dance",25,36.6830086972967,2.3236068725933996,0.3621676364798482,0.5725490196078431,0.07308411928672344,5.0,40.21563581819984,0.24923476486411278,1.6114696200528662,0.8658536585365854,0.6789381629429023,4.4341212937663945,0.4778246390198843
Hippocampus reidi,Longsnout seahorse,Syngnathidae,marine,3,3,1,2,7.5,"male brood, courtship",25,43.38406546601962,1.9601641803608816,0.44154032093401363,0.7490196078431373,0.25140676540974066,5.0,41.4452924761292,0.1940120373054168,1.536269137291915,1.1022222222222222,0.7010863093269116,3.816627800079311,0.487066052710157
Doryrhamphus dactyliophorus,Banded pipefish,Syngnathidae,marine,3,2,1,2,6.67,male brood,25,53.17032305742028,3.3153465576017993,0.45563351416515974,0.7450980392156863,0.2716497597437266,5.0,51.412323713207265,0.22912731394030977,3.843693618954315,0.608433734939759,0.6959809405427801,4.649529064439946,0.34698181818181817
Astatotilapia burtoni,Burton's mouthbrooder,Cichlidae,freshwater,3,3,3,3,10.0,classic sexual-selection model,20,24.82182112938993,2.3747447984506245,0.24115172288819864,0.44705882352941173,0.010849923911998174,6.0,39.9395382526697,0.21077856245467452,3.186247580669729,0.34936222580698806,0.8840312534176357,2.707100921996285,0.6178897767374
Sciaenochromis fryeri,Electric blue ahli,Cichlidae,freshwater,3,3,3,3,10.0,male display,1,68.97738827657167,2.174615122231149,0.6202781180754993,0.8117647058823529,0.6274325708432912,5.0,35.52061288652306,0.2458603618982588,3.9808444893460404,0.34502923976608185,0.9102903416946474,2.5974071370179943,0.5710179403310536
Copadichromis borleyi,Redfin hap,Cichlidae,freshwater,3,3,3,3,10.0,lek-like display,12,43.059581777945866,2.537686220905919,0.3408962749927417,0.5823529411764705,0.07339714915758037,4.0,26.351344613729644,0.10179634468022476,3.097387029270778,0.38456879371654096,0.900766281464494,2.2640061718187376,0.6529422333874009
Labidochromis caeruleus,Yellow lab,Cichlidae,freshwater,3,2,3,2,8.33,"male display, mouthbrooder",5,91.83784874854018,1.4780296966629283,0.6735809209848563,0.9098039215686274,0.6644389729159339,5.0,31.881861132697182,0.09109967600533639,2.9070357549111026,0.41346153846153844,0.908055498032719,2.4517843497859495,0.5957880434782609
Melanochromis auratus,Auratus cichlid,Cichlidae,freshwater,3,2,3,2,8.33,strongly dichromatic,25,45.2404790011648,2.976384199177831,0.36900810644341114,0.6901960784313725,0.15825702360929422,6.0,53.341381565558784,0.2249516153044514,3.009709964384924,0.4960835509138381,0.8137515916194004,3.20546175036988,0.5399560117302052
Labeotropheus fuelleborni,Fuelleborni mbuna,Cichlidae,freshwater,3,2,3,2,8.33,male display,25,37.01630602110214,2.2555341186403286,0.29661804237824163,0.42745098039215684,0.0078089113458888375,4.0,26.63517735497095,0.12018343160026204,2.6475219193546056,0.49333333333333335,0.8717260431054703,2.4257295329369173,0.5855362089434112
Nimbochromis venustus,Venustus,Cichlidae,freshwater,3,2,2,2,7.5,mouthbrooder,16,53.53765889313886,2.6787843210435267,0.38308964069203993,0.6137254901960785,0.11823871794301358,5.5,46.35742414423795,0.2473101736615741,2.6395750855768005,0.4534471218206158,0.8571865708685978,2.3672404331593135,0.5666627922246186
Neolamprologus pulcher,Daffodil cichlid,Cichlidae,freshwater,2,1,1,1,4.17,monogamous cooperative,18,20.030730607355153,2.383378227704271,0.2607544571548719,0.38627450980392153,0.0025023989999537893,3.0,17.517520048078538,0.09999602211628292,3.373045163000895,0.6897419072615922,0.8145786870964196,2.9083409946657883,0.421714891934178
Amphilophus citrinellus,Midas cichlid,Cichlidae,freshwater,2,2,1,2,5.83,monogamous,25,57.840423345918595,2.0537877067366366,0.32435511231530867,0.596078431372549,0.09645437741556041,5.0,32.60741136311041,0.11770814788439855,1.5839480000505142,0.7294117647058823,0.8303241518307021,2.933523217793541,0.5941129379152129
Thorichthys meeki,Firemouth cichlid,Cichlidae,freshwater,2,2,1,2,5.83,monogamous display,25,39.12436286293821,2.785406512494147,0.28900232630348466,0.47058823529411764,0.04155098133078028,5.0,38.43753811593348,0.25754255857070624,1.8740892905343236,0.7074074074074074,0.7906654876782899,3.2807921754412166,0.5465787753323164
Pelvicachromis pulcher,Kribensis,Cichlidae,freshwater,2,2,2,2,6.67,"cave, mutual (female colourful)",1,33.47615741808348,1.188841769053896,0.48288175770099295,0.6627450980392157,0.20945905647999047,5.0,29.57118419920745,0.20045327130673346,3.0982389581910916,0.33454545454545453,0.9416678545972915,2.146895029962792,0.6527470355731225
Hemichromis bimaculatus,Jewel cichlid,Cichlidae,freshwater,2,2,1,2,5.83,monogamous,25,38.35090735491422,2.150506980539937,0.3717939034876916,0.5764705882352941,0.08271207240374291,5.0,35.62221943804779,0.21274949713755223,2.8313990749814395,0.4,0.8934806774341202,2.513248914596037,0.661
Andinoacara pulcher,Blue acara,Cichlidae,freshwater,2,2,1,2,5.83,monogamous,25,28.435382167693934,2.716970000095942,0.22098331993154777,0.3843137254901961,0.01356370095268852,5.0,42.43196597057704,0.2720475038486914,1.77171156488085,1.2621951219512195,0.8780609543976404,2.2225438705057816,0.6583392984967789
Geophagus altifrons,Eartheater cichlid,Cichlidae,freshwater,3,1,1,1,5.0,mouthbrooder,25,19.967304766346178,2.2889181424843215,0.13597291210809603,0.24705882352941178,0.00028538812785388126,4.0,27.622737994697864,0.09137926925185309,2.2653263478095584,0.6884057971014492,0.7995979060769289,3.377347399113436,0.48423015873015873
Nothobranchius furzeri,Turquoise killifish,Nothobranchiidae,freshwater,2,2,2,3,7.5,male display,7,18.101174407708577,2.3801129288865717,0.13856554358832734,0.19607843137254902,0.0,2.0,20.958456923290353,0.11151315789473684,3.1498970480179667,0.4354066985645933,0.9086809870406533,2.184081890808816,0.6464225752292393
Aphyosemion australe,Lyretail killifish,Nothobranchiidae,freshwater,2,2,2,3,7.5,male display,14,46.270943858852846,2.1745757565976165,0.42244802740137277,0.6058823529411764,0.10377789191071637,5.0,33.368386587168914,0.21978934603872158,3.9557060355104308,0.561970613656007,0.7441101690154832,3.9408533754899184,0.3661590461123103
Xiphophorus variatus,Variable platyfish,Poeciliidae,freshwater,3,1,2,2,6.67,"livebearer, female choice",25,51.28950300374245,2.163211862944274,0.4120574624137636,0.7137254901960784,0.18490637651821862,5.0,38.79078878365485,0.15937996820349762,2.6876031564412624,0.5235457063711911,0.8211116752496312,2.5424308871615158,0.5835814746146787
Poecilia sphenops,Common molly,Poeciliidae,freshwater,3,1,2,2,6.67,livebearer,25,30.353669443561596,2.3464359253849074,0.26929175101843406,0.4470588235294118,0.023924931643052448,4.0,34.13477282848632,0.15718186198404627,2.359388154350137,0.5527777777777778,0.8536125453410953,2.6446779120988286,0.5650083612040134
Gambusia affinis,Western mosquitofish,Poeciliidae,freshwater,3,1,1,1,5.0,"TRAP: internal fert but drab, coercive",25,27.350450855754808,1.7215674108090622,0.2650718412871586,0.44313725490196076,0.010698262970205912,5.0,39.35094216625023,0.179860088365243,3.760038735918341,0.356,0.7892604333007603,3.171357263450875,0.4666591659165917
Glossolepis incisus,Red rainbowfish,Melanotaeniidae,freshwater,1,2,2,2,5.83,male red display,3,28.358750195723353,2.604408683880111,0.24876960267774126,0.3411764705882353,0.0,3.0,16.835354420807338,0.10763209393346379,4.954723839807736,0.36075949367088606,0.7556564690885914,4.017466832474991,0.339662447257384
Trichopodus leerii,Pearl gourami,Osphronemidae,freshwater,2,2,2,2,6.67,"bubble nest, display",25,37.804009380862354,2.1058884787079495,0.31559692252603017,0.5294117647058824,0.04183844238540348,5.0,42.44439924370911,0.1876372872048325,2.292937362835631,0.5486725663716814,0.9073734083506071,2.2389287058825027,0.6430217831813576
Trichogaster chuna,Honey gourami,Osphronemidae,freshwater,2,2,2,2,6.67,"bubble nest, display",7,29.008900412734107,3.1196777352327714,0.46007849311738086,0.6470588235294118,0.16284233900814213,4.0,28.68185707446989,0.1357207342762564,1.8280375321105982,0.7804878048780488,0.9047071842015663,2.0303389088001067,0.5971906166596432
Sphaerichthys osphromenoides,Chocolate gourami,Osphronemidae,freshwater,3,1,1,1,5.0,mouthbrooder,25,35.069739064326626,1.4793201052455558,0.43180520577086856,0.5843137254901961,0.05139148073022312,5.0,34.90787043188708,0.19533096926713947,1.8443790563814648,0.5440414507772021,0.9219268001591301,1.9650584926751316,0.6784532215357458
Betta imbellis,Peaceful betta,Osphronemidae,freshwater,2,2,2,2,6.67,"nest, display",25,37.97488042268024,2.3666561032001963,0.41501205302651667,0.6470588235294118,0.13270502394162803,5.0,39.07270158242488,0.23444172719640838,1.8597496985971627,0.6775147928994083,0.8332181809208903,2.769475757255068,0.5874359615144321
Hyphessobrycon pulchripinnis,Lemon tetra,Characidae,freshwater,1,1,0,1,2.5,egg scatterer,1,39.38500646320385,1.299120110774842,0.6447133579404756,0.8823529411764706,0.6115965051628276,4.0,27.280110765723983,0.16176859941752714,3.278573740749498,0.3111111111111111,0.8472352389878163,2.77021893853768,0.6377425044091711
Hemigrammus erythrozonus,Glowlight tetra,Characidae,freshwater,1,1,0,1,2.5,egg scatterer,1,14.858771167607634,1.9985545997061809,0.2550051227698287,0.33725490196078434,0.0,2.0,6.797215507660214,0.015495495495495495,1.6788610313636432,0.6438356164383562,0.6904126462738658,3.3157333255205774,0.49009035266686096
Pethia conchonius,Rosy barb,Cyprinidae,freshwater,1,1,0,1,2.5,"egg scatterer, males redden",25,31.905606167846596,2.092676608383757,0.2981048896021474,0.5372549019607843,0.045794631444397105,6.0,45.72917228093686,0.24945770065075923,2.286622695446559,0.5165562913907285,0.7907033256960355,2.8601674887532846,0.533509412216673
Corydoras aeneus,Bronze cory,Callichthyidae,freshwater,1,1,0,1,2.5,T-position spawner,25,44.457267410428244,3.019361746248806,0.41786413867371214,0.6470588235294118,0.1592694236774865,6.0,46.84550697923299,0.23065538431839389,2.629721537914169,0.4521276595744681,0.7526066820219431,3.315407805769979,0.5112095749187968
Ancistrus cirrhosus,Bristlenose pleco,Loricariidae,freshwater,2,2,2,2,6.67,"cave, male bristles ornament",25,24.93337736032858,2.1888007425141236,0.3379464676001498,0.5529411764705883,0.055268306316377865,5.0,37.00614958686281,0.25930014021061426,1.7624222302354233,1.039426523297491,0.6401907095517144,4.237001961773245,0.41358844201483796
